claim_uuid,evidence_uuid
f9b8cd14-035b-5a96-af26-7ebbe6a817b5,2472c1b6-97c0-5f60-8b84-a1dae12078f8
e5ff17f8-25dc-533a-8ccc-6b26762eeaeb,45751011-e828-55f5-b7a1-a167af8e6a9a
f8795e28-cbf7-51b5-97f8-0977f8199331,f2092135-ecec-50cf-9e9e-a97c1a87f9b7
2da4ac29-1fb7-588f-87eb-cefc624d5e25,54f74352-6bdc-56ae-ab2a-da72e93fc53a
01b4acb9-48bb-50cd-9400-1b37bfac3cdf,37db669b-a31e-5686-b64b-fb73fe6c0f97
5e108eb6-1ade-5ca8-88bf-56765631dcdf,e55b9d21-2896-5d6f-a67a-01bbe62d1c17
73a23aa8-aeca-53d2-b2bf-805a2c65344e,0c5e7d77-5432-5737-9c73-f19cd19fa307
93471a0a-a7a8-51a3-9b07-bf7e7e8d16fb,7195c142-ecdf-54a4-aaf9-8d1862e2e2f0
0d5c6a2a-1e57-5d54-8cdd-2e3c703dedc3,84a88e4e-c86c-5d4d-a3af-c3fb7ccc47bb
b50d7087-7df8-5c4f-b9b3-6a60ddc774e3,dc0ec3cb-5688-5dbc-a3f0-a5d05e3b9785
e1123f8a-2c2c-5e60-96a8-7a6c1f6e2b7b,2576d183-e4bf-5e01-97d8-331eea942c24
c4b25b1a-9d91-59b2-9b8a-8a7b1f4f6c11,949c93ac-d54d-588e-9622-137daf8a0b95
7c8c21b0-2f69-5e5d-8a1b-6f0c1c9b2d3e,37ef7f09-fd03-58d5-9f7e-4a19abcff49a
7c8c21b0-2f69-5e5d-8a1b-6f0c1c9b2d3e,0f4a4df0-3c84-5793-97bf-424d312ea3de
fad6710d-c72b-5de2-a41f-075e7c932623,952a2a4e-3156-52d2-8ae9-caa9f6227bd9
aeeab877-b631-599f-99ad-3c88a1ca9cd8,3563a84d-0b3d-5512-be75-30c32cd3d69b
a6a7dc7f-098e-5f16-9adb-63932a1f5469,ecc624d6-141b-5d91-8cf4-9fe297b396f9
cb48fea2-02d3-5f40-bdb6-15b089a09988,97ed9344-6755-5594-ba82-4d80d5772192
b00a5287-a5b1-52aa-ab60-3ed8ce125365,26bbfd70-cec8-56a7-a75e-0a63a7156e3f
11458e93-4d9f-5e49-82e2-aa796f3feadd,fd7ffa03-5b12-53c0-9c18-4c8465d63cfe
1a88b1bc-2760-5a77-9b92-c4324b9741b5,ea533577-4ec4-5ff5-a59b-54a3e40f621e
59f88a5a-8a1f-584c-8453-aa342b12d2f1,ffe1a904-bb78-52cf-b433-7630176b00bc
1218457e-8eee-5dd3-9458-9c72717b324e,0242631a-7b62-592a-ade9-4f0067d6ea4b
13b7f444-82ec-55da-8938-2d8b19d942a4,928c46b7-1d1a-51e9-b13d-b8a0ad7ff709
7112bb75-794c-53a4-a64d-b04c12dfb991,86111335-6098-554a-ad37-dc8962d50094
3670552b-b82b-50f8-926b-d82d5e261d73,fcc0547d-3b58-5427-9db8-373485da8362
3945ab30-46ef-574e-8469-b530715a0dbf,20f011df-68e0-504e-b03e-319f5d116a38
7fe9f1b0-8f73-5125-9154-f3250ca93eec,eee57464-08e3-5bcd-b4ed-bb7d3ec4211f
b10b1889-8f67-58ca-b62f-5b9cb098737b,d74c674a-67de-544f-8c02-b8cbaa2dffb5
8f5449b2-c114-5e41-b62d-b681deea1494,cbcc4cd4-00db-5535-b699-c3fd0df7d762
f6145c0e-80fc-550b-9524-7d90c9760480,f5fdf99d-00a3-51e0-ac4c-d888dfa4468f
1151bbc8-cd8e-5a56-a0f9-3ab5128b0992,3db8ed5a-9637-5fa3-b5b9-a02fb446dc21
4a52b917-0a01-5dc1-b18a-a52f8b32681d,229a8fb8-a552-5aa1-ada2-3b9a6b51840c
a1942d57-9fe1-564a-9c7b-4a028b61413b,8f3a9335-cfe0-5a00-a424-a1d2e5a00964
0a5734e6-30d2-56df-892a-5b866240095f,2b247831-e804-55a6-9f60-3803309887ab
eef29165-aa1e-5b0a-9451-4ee1d4144b7b,0afda790-4b0a-5278-aec6-3370bd5dba75
e9b0ad91-3fff-5df3-b414-3e2f1b7261e4,27f4ba59-454c-5c91-a5ea-4f499018d1d7
8497bed3-db95-5f11-93bd-7bd77de9c851,71a70964-7608-5263-920f-c64b7f809fb6
9f71965b-7cde-5a91-b28b-102aadadfcd1,6363d40c-72ee-59cc-ad83-bf2b4f59bde4
3f0c8fec-f3e9-5d0a-9f49-442a1808ed72,168e49e9-098c-503e-91c7-55edc5c6be7e
20c58716-5bab-52cc-b726-3234c7018469,849aad36-aaa8-5b82-9e11-56d1015998d7
8cd4ea7b-1a60-5638-86d7-7487bf0474ee,685ab4b5-58ee-5b48-80c0-ffe21125e5e9
3e756328-948a-5666-b2da-f929776532d7,1f991084-4d62-5ff2-9e5a-77a9949b040d
2661fcaa-f7e4-5e07-bd73-5b4f3d942315,e3f9dc72-78b7-5ce5-b9dd-1c47d94a372f
2c7f40a4-29c4-5600-a68d-69ade55f553d,0033ea9f-38c2-5906-b3c3-8d31023d5530
b2aae9ce-ce52-5162-b740-f60fa2a5994c,27bd7242-f422-5a50-bec4-c6a285c36e25
48127591-d952-51c0-a857-ab6327510653,2148662f-1ef4-5e62-884f-db41560f56ee
03b22971-73b6-5630-b9d0-e983760444ca,31efd877-f561-5af3-9725-e94f43feb98a
c8fcbc89-53cf-5b92-858b-24f153f4282f,222a045f-33f0-5f43-a0ff-e8c237187b22
ffbabe37-df0c-5f59-a097-a7f6559978d3,1ac3ccd0-cdf3-57d3-b1d0-6ea48f09c928
093d43c7-59cf-5288-828e-e2d12be35212,d3165547-6529-5fb1-959d-cbb0608ff2c9
c560cb6c-277d-55e8-b0cf-ddbca5c59e35,de6254c1-e6ac-5ebd-88b1-d4ce470cf320
2fc7d868-b692-5799-8fe8-22e08bd762ec,18960e94-c32e-507a-b76b-d83df01b4fe9
7ef2af4e-48aa-5133-bc2a-2035a8265f33,d882e89d-a57d-5d7a-851e-9d1a1b0fb95e
6e05a54a-6cbd-5f5e-9aa1-d1e78ee09278,00a07ced-67bb-571c-9c52-acae69ae4331
3ad7918b-cf51-5234-8f15-b399bd9fd3a0,11356316-aeee-5fe8-96fd-3c6e36821e69
4dcb8a44-f058-5bf9-931e-d72e82d45362,b49bbdbe-ca65-5156-bd2a-8fa27c933f72
31b6ba93-7c5d-5d5e-8e86-b4bc66372729,81a715ce-58c2-5b25-86d4-955b75fc1a0f
3359629b-b585-5a01-9325-62ad2a0b3abb,80543298-1286-500f-abf9-fbb1cebda030
6a064aba-7f30-5d1a-8be6-6160c8924968,9fb1508f-d31c-507c-b0c7-76c8c0e0d558
47177335-9ed1-555c-b1ae-10709571c4d2,23f22173-378a-5b6c-91d6-83b076fa699b
ed572009-a72d-5d51-8df3-fc2899caa606,7c1aa6c6-68ee-51ff-bac4-b522c2a7ca71
b80c43bf-258a-56d7-a002-96d2386830c7,acb45844-4f5d-5ce3-a907-11a126ead2c7
c99d56db-888d-5052-9c79-f7fc7ec864f7,aab08a0d-eeab-5f8f-adef-40870cf1bf23
5babef8d-5f02-54d2-9a22-eb91969d5d85,fee0d29b-45a3-56a6-9cd2-25cf3cd2e1d0
5408ed4c-9336-55c2-9970-6e22efa4790a,2c13b957-cd50-5448-834e-c76f960e255d
18eaf766-c489-5885-97bc-eb6b02258bce,cbf0876f-ed92-50fd-ac00-4ddbb46ef2cd
7bd7df5a-afac-59eb-8d41-4a39b89ceb37,76738c71-c726-544a-8eb7-9cfe052329df
a9bd7a1d-8e9c-5b00-829e-a2804594f5b8,322d4611-3a91-5df5-89bf-6b7c01400c27
6ded93f7-a459-59d0-8da6-7d61e55d962f,9af80511-6af2-56a8-9e8f-e14d7d9c5cf6
bbed0821-523d-518b-ac18-c249c568d57b,9ddb9422-cee6-5681-b5c0-560346e1675a
67452209-ba4e-5e18-941a-ff99350cef1b,40a1df99-a2e9-5f36-b4ff-1b8cf83d5601
b13ff4f0-cc89-52ae-bc93-a8c202bd522b,80eef314-37fe-5e99-8c79-856c7c1c341f
cbb623af-a7e7-5334-bfff-f026e9b5b4d3,7099b821-42c1-5c49-aba0-2267967fced9
59ad315b-8cba-536a-ab43-d169d1cc9187,77b54b88-57e1-54ad-a1cb-f01004b451f8
0d62e0a8-9d75-503c-af37-cacd6c88b382,d887abd4-1576-5079-bc31-1607adfcce95
235a4a7e-313e-59e6-8fe1-823a01f6963a,96de9e48-bd02-5d90-8f2a-95145d96e491
982f3deb-ddca-5e17-8740-ed8a8115539a,5bc5f425-b332-5b4a-8966-7387137dede1
bed914f3-34dd-55d2-b031-1604ad01bf96,ed2de63f-d0e0-5461-9f00-c6cadf8b3c99
2d7b8e5d-135a-5ec3-aa04-3525fb161bd9,e4fce253-b7e5-5944-b487-acddbfbf5803
a0307a37-bf5f-5541-8832-e97907ae6e03,bcd07e2e-6787-5a3b-8011-0b82ce5bd7b4
9809cc0a-19d9-5421-8edf-3746574f50ec,923c108d-03e0-53c2-90f2-da30b049b5e5
9f20a9d2-5e00-5bcb-a63a-fd49447ce32d,9755ad8f-9b5a-5b89-ac96-d4721703112e
edbc9afd-049d-5b35-84eb-780759cd4248,be4f594a-05e2-55b4-9de5-feb385821ad2
eba8f998-a29c-5ef4-b831-13a7056bd779,1fea0ab6-4e5c-58f7-b7e6-ece6a58c0017
ace80fb4-2605-5e2c-8a6c-4e4dfc723b11,2fb34394-5464-5ba7-8906-4c23eab99a93
f22938fc-9e1f-57b3-ba3d-2f7c5c67db89,951bd3fe-9dd2-5d4b-ab90-b1e3498ee217
76783426-d749-58d4-a3bd-85c80110b429,76942eaf-69ed-5303-ae9c-853fbbd19121
e3373253-9b31-5212-8c87-57d01207f398,767ed5f3-25ed-5a88-8e4b-3030bddcbeb1
34849d51-a8f9-5ccf-8ccf-cbfcd47eb82a,a5024426-c93d-57cb-bc6d-348dacbf8779
9e220c41-2c66-5147-99a6-973d7b938a69,162e6dd6-939b-5a67-9238-91daa339aea8
55cab882-5196-5b9b-910c-b52915b02763,c12c59b0-2576-571c-9dd8-ce129beb6c43
f85bf6d2-4bdb-529c-98a5-de15489d9e19,232eccf1-a3d6-5943-8808-316d0c66a902
d9defe2b-3592-5bf2-9c27-5f75d7fb2d49,6efbad74-85d1-52cc-80d8-77ed62637774
944e1960-949f-5e71-8a1d-6963ca5423e9,eaf5a58b-c0fc-52e1-9545-23d91392de09
c13100f8-d263-5214-a8b9-72cb03215675,54c5d348-57b3-56d1-bc16-36e3c61c531c
d4a1ff9f-a4ca-55e4-8529-c12a174674cc,f767c849-07fb-562d-80f5-b79d98396587
47219c4b-30be-5396-91a6-33f3b06cfee5,63332811-f8ac-5820-9251-b972dc6ce0db
4ad7d041-9ff8-57f4-92ba-56e97c989459,523ddf9a-8c3f-5721-a6df-e4904a21ad25
74a67f3d-f607-52ad-aa55-e4f090ed7e32,212eac12-d7ea-50b6-bff1-ab2ae3eb3c5c
9cd97129-2188-5861-8d5f-8f2d677d775f,8c92a73c-84df-53a7-8b58-4380b138b43a
00f4b9e6-63ec-519b-b428-340024f001d6,c991679f-1583-5c59-b454-987264a71175
1b00c280-e293-5667-8a4d-59ba5f7f1214,0c3eaf81-a869-51c5-9df6-222355ede649
dcdbe7d5-7202-557b-9f34-5f76b1da92ae,4aa06882-d139-5386-aa4f-d170c95eb47d
6c97307f-6508-5029-8d95-52478788b7b6,f4b5ca1a-4636-584d-a6ba-6b6a6e404736
d79d0239-6bf4-53f3-964a-b2f25be4cdd4,e6882deb-f681-5a99-a406-1eebe3307aa9
90ad996c-1658-57eb-870c-bf20030eb6af,88b2806d-25d4-5c97-9cd9-6ac201956b73
4422904c-df8d-5491-bb1f-ea5f5286c6e3,026c166d-a35f-5dba-8f40-e6201468d2a5
8aee6d63-0365-59d6-9515-8e99706e5ea4,acad87b8-a3d1-5c3b-8c2e-20f25882acd0
905e9acb-67d0-53b2-a43f-56f1c2585ac2,16ec3a52-5cff-57c3-b8a8-442ba72bfcbc
4a047223-ce40-55df-9686-3b66beafe981,1cb940e4-ef61-5abf-b7e6-93c47d6ea665
02d0b883-d318-52d3-92f0-6d0d8df48375,73631284-b805-51f3-a939-35d231663aea
448a88a0-f728-58e2-b97a-07ba58938f48,8e62b6c6-cab5-5236-952c-37517b739d6e
e7cd3e36-7c02-5348-9821-d4cc39aaecd1,bdfb9551-c837-5c54-b8b0-fe313e546c47
da19f119-44e9-54dc-bdc2-c4b06a75656a,854fc481-2d44-559b-b942-ba7844228d09
3f3813af-a0ff-571a-b9b0-7cafd7b37bc8,1979fe34-3730-5d3b-9684-a18ec0eb9e35
897332e3-3346-5bac-8e27-ff89bd56bc2b,457c7058-17f3-5b17-abea-f37d828d8154
eed1281a-0409-5590-a9b1-57c2287e4669,1bf82bb0-f585-57db-bba7-1c1f6225efe8
478f5bdd-4db1-599e-a26a-92b138cf263a,631eba15-7921-5973-ba9c-9f670a80cd57
b09cd1b6-780c-544d-8d83-8a44923b14b6,debea549-d40d-5b19-b0c3-7c9dee76b296
703b51df-f90c-51b3-9864-499ec1555ea0,6f1a9aa3-842f-5971-974b-fd56a3d2e405
3d83826a-2961-550f-b346-bbff45cb65a3,5e835092-c295-575c-9fe3-426c44377b35
04660e30-9148-5f0e-a345-779c10a99432,9472a6f6-76f1-5312-bd10-fa97587cc8be
d946175d-a383-5adc-a2de-12c2aa158c61,49584c66-048e-53c0-8ccd-445207325369
eb779f22-f821-50b3-9640-cd66603589e0,500d7def-3526-5221-88f8-12e8cec1b80e
7a7784ce-6c89-558f-8429-f50737cc262a,6fbe3a16-43e2-531c-82a5-6bbfb8bc94c6
23acf335-fdb0-5191-86f1-b7b1cb159b48,c73b67c3-b53d-59e5-8f5b-03fe37820b8a
dd39a57c-5849-5f7a-90b6-182fabd80eb1,33220353-f689-5a34-8b59-3f5f66728ab5
c0d01ee7-7043-5cc4-8013-893a214b0788,2228a1d1-3d21-5802-8056-68dbf495e490
f77f085c-40ee-5083-8055-cfe1c8d862e3,f758c997-bdae-5c00-81ae-f2dd09fb02ae
6654788c-3c7f-5077-8956-12895735a4ca,a4ff4353-7c4f-525d-90c8-e3156767ca75
98f23f52-53fd-5f67-8f03-31a6865d6a1d,4519e50d-9ce2-50ee-8307-2f0c4f1385af
ec6c96ea-c7ec-5d41-a0ac-014431260619,7baad5e1-f216-5e36-8183-347ab178a843
85daf345-66c1-5ebc-9ceb-4c62835b78df,bdcdab3a-e074-518b-a68f-f4e4d501c3ba
ef403cd5-50d8-515e-9585-7b6efe39e0e5,a900c444-ca5e-5d84-b728-aaf44ae1f9ff
ee4de5e5-59fd-57f7-9e62-fda1b92f6782,b3447673-e55f-5ac0-806c-6daf1561984a
5cc6a979-7515-5859-805b-b781eb1735fc,df6e4246-9bfd-5e7e-82e6-5f9e83a3c667
b1ec0bfb-147c-5e26-a23a-bfe235bed3f7,c2646df9-816b-5337-8369-e80663147bef
326bd8e2-8cd2-5863-93fe-6ae87fbf2af6,ecf0045a-e083-5b3f-b758-386354d288a5
7fc296fd-0e20-5324-a0bd-5fefaaa3fd85,ec1e3723-29c4-53a2-8df6-46d96d79bcf0
08c9b724-001b-592c-9712-d0dd90a8b15a,2f7417a7-0062-5f6b-a6e3-07b1bb6064a1
d6ce9a67-ae1c-54b8-996b-9f73d448da45,ee80e360-2f2e-5bf8-bc90-46cb3587123f
9ff0ba5c-3604-5148-a994-42da28f7be5a,2f99a8ba-560c-595b-b607-92b17142c90c
6880447a-ba0e-580b-aae2-e1262ce7add7,cdeb6805-3497-5536-b5bd-64afef3a2ea8
55f702d8-2db2-50fc-92cc-e48cc0b07dc4,b31c0813-1a85-54f5-8b5d-31954bb0a3a9
7ff1240d-57a2-5a99-a543-06751984f798,c5e9344c-2acd-556b-b137-91d4ae7f6891
c86eb2ac-cded-5d45-be9f-ac0aafb4a5ce,cc4e242b-ab83-57aa-904c-c266d6bc6b95
ccb9c90c-afc9-5698-98ef-12d78ab28561,730d0cc0-9cb5-5c55-919c-bfe003be311c
ac0f79f7-bf80-5f82-828f-42558171c0c7,0d633e5b-a375-5f8f-bf79-7a827a5692a5
74a88582-7aa8-5c34-939e-39755dfdd368,6d50357c-077d-5d2e-b7eb-4bb765e4f785
96217acf-8c0c-54c3-9d21-00d651b34e42,8223a617-80e5-5ce8-af5e-3f649139dacc
f220c12e-3eba-5a5a-8a56-b2c78c28772c,622db700-7625-54f6-aee5-5905bcec68bc
0dba5d55-529a-505a-8841-bf6e72383bf8,3b3235cf-2dea-5a04-a358-d410e4721d36
6939985a-a065-5259-9616-d9270791cb18,ddf90dd1-9da9-55d3-8421-c2ea8d24b3f8
80458b8a-ae07-5c40-87f8-3d66d5335cb2,01927dd2-474b-5d46-8984-65c3d37184d1
07eeb11d-27d7-5d93-b50d-b3240fff2400,8f5365ef-47ed-570a-8d17-27e2234c8a1b
1fa1cd23-8b10-5d1b-a7f3-843188fa6f0f,1d754997-578c-5c5c-a747-c07f46a0d0cb
f32f4d7a-9fc3-5d90-9729-48777801322f,2c9301a4-ab17-54f2-af32-dd91f8bef54d
ffc643aa-0516-5d8d-a568-3c9a8d7cc29e,e3db77ef-481d-5630-84f2-7d256680dfba
d4ce9fa6-7019-560b-bef6-1267d740d9e5,0f5b5141-2407-57e0-a02e-64b051e415b4
1ebb7572-129c-59e8-b3af-9ba3bececf37,2ebb8570-5524-532d-9a77-5fd0565e534d
b640d84d-86d8-5c9a-be7e-3edc4c325ec9,905f38a7-c2f9-5be7-ab6a-877975e81123
34ca5977-77fe-55e3-a0ed-a02a04c29645,3e694a06-9793-5911-9991-351f6ddeaef8
c06b0cd7-dfc0-59ba-b8cc-3bd48714a119,ae1466b4-eaf7-53fa-8b54-644990179f6d
5c97b735-7fc2-5d13-94e3-5d7599a6248e,3b58e2df-5842-5fd0-a555-7545b044f92b
4dd8e14d-e9a1-5103-a5dc-330c58d63cb6,1af4aa9b-e4c7-5ddf-af24-e8f74b574a13
7108098b-e217-51a5-af06-c8a401b896e9,2e421b0d-a1b7-55e1-b959-fe2440de8252
7ea2f4fa-c9dd-5cd1-b32c-a0296ab17604,630ee34e-b048-5b65-9687-d04b7f6d8d8b
817f6a5a-53b0-5a9d-97eb-7dffb58814f0,cde5eb4d-aa86-55ec-ad41-09a016cd2e6f
42604b67-1aa6-57f4-b856-1c9046f2a0fc,3ffffbed-a334-598e-80b4-4f3c3f8519e7
f768b204-266f-5ab0-be15-664ee8360688,a5097d89-827b-530b-8b5f-1ba0d354df59
e832800c-75af-538b-8176-0224d13a3a7a,ce5f1e67-c99c-5f5e-99b7-b9a55a64e4c3
afb1a91c-1a45-5cf6-a14e-86ca61950bcc,1fee0759-710d-5755-8508-6abc7dd899c1
a0b7e40f-3820-5309-96c3-675ff86cc628,14897e3d-8a16-5c04-8b08-8effc90bfa7c
4e7f9ef1-6f64-57ea-a56d-5600bbd2414a,fefda49d-1ec8-54e7-9fe5-4ab50310b1be
12fb1144-c450-5565-a14e-a6897297f53d,1636f487-6570-588f-a527-a3e474e1785c
a8c77225-905e-50f2-b7ae-195d625da755,c9bfbead-6f3d-5a08-a341-cd6f0ef63690
3a2ea0ec-9466-581f-9487-35019ca680fe,65028ffa-e099-5319-8894-5de75df6cce6
7329210f-008f-55cd-9ca0-c8072083bcab,7edbe276-1de0-5a02-8931-7786656ef9b1
b59fe71d-c88a-5d16-8408-f2fdfdab707e,0661fffd-7a38-5d9f-83ca-e76715ba5b65
31763899-dde1-5740-a8bb-7acfc6445492,8233d0a6-164c-5e4b-a055-c1bd24d75602
5acfeb99-ed83-57e1-a8cd-b099f38b6e18,1d33bfab-eeb2-5f7d-ba84-fb3732654742
699e80e7-e4df-5c13-91ec-179ec911c186,d769f9c4-9cc8-5ea3-b4ad-9132299a9508
55bea9ad-266a-5359-8431-b4347710cfe8,de7c0059-f449-5236-92f7-d02957590e66
b460c8b3-20c0-557a-8c01-3d6eed341ebe,581d1cef-6bd6-5805-a44e-5d966d649046
ffa841d1-633b-5c4d-81c7-736a7c19b0c4,94da7b7a-28be-5297-a5c9-0377513fff49
900e75b5-f4f2-5157-a6ed-aba901153e5c,c2fda779-d5ed-5ae7-880a-b34f60838f71
9612f9ef-3c98-5aeb-9425-a8325349c613,4544917f-43c0-5736-8973-fbfd0febcd9a
4def7983-1bd1-5b8e-8052-f70fc03b2b28,17c63e01-368d-5e76-a7d0-3974875d88fa
53d37b2b-2843-50ac-ba13-facbe095192b,2eac4a13-ef1f-5ef0-a4c1-9cf11e42f499
21c0382f-2e8a-5e8a-8e7a-206e3c0a9937,5ad755ed-6afd-59b0-9c45-07760bf843f4
216033cd-feca-5565-b69a-68e1053966eb,1dade45b-ea52-58d7-988d-3f35652f459a
23dbb024-63d0-5630-85d6-38daec017a51,08c62d2d-2871-507f-9e94-0aa0c574d603
261b291b-1b3b-5827-b06a-ae0486711182,3b6fb7d9-9f05-53d9-8c67-ae974ac0454d
9e475ba0-26c3-5c50-b4a1-0f51081ed71c,e88aad8f-b5b7-5e3a-9278-03b3cd71bd3d
8fdbbeae-bd2c-5e1d-b1a1-f87e50aada29,168e0ce7-f835-559b-8b84-dfaf3a8db3ff
1be20430-6fac-51aa-8d12-74d3549b2c03,ca5327d0-b54c-524b-ad9c-f6f0356f1d3d
8c1192ba-b5d2-5eaa-880f-fc3ce37f3ac4,eb8d5bb6-df79-5bcb-b098-6e061795ee69
5fd16f95-17de-525a-a0c4-528d9d28af31,b0777890-dcbf-56da-a107-00c51883758d
9d60c616-229e-5a99-a858-4a3bd8616b43,8432283c-ad4e-57ec-9a99-ba14393ff2b5
da57edf8-9693-5687-8663-d6ade0aae252,adcd0ff6-7f30-5cf9-8c2b-51455c9ca991
a0dfc414-5c99-588d-bc21-0426efc7737a,4b7be0fa-43e3-53dc-a54b-55f0784e977e
62555fe4-19d2-52fe-9a75-b0b02a1eb946,936a092b-4049-53ae-b9b3-392271bb6604
a268cc90-c740-5647-8467-5bbc8405477c,9048fb4b-30fb-570f-95a0-06513bbc6384
a4bce34c-6229-5912-9023-aa07595217eb,47992c1f-084a-5359-9f36-b6ff66a7f2a9
f71be76f-846d-5385-b792-7526ec216388,0e2e2b6c-bfa4-533d-9ee0-fbdf7d952ed3
b9b6f040-73a1-53b6-9184-d88aff23bc3f,8d38090c-e284-5f19-9fbe-941c0eca39b5
25f0e4d8-ff17-5515-8561-d28808531395,d6740ece-7b0e-54b7-97ce-d68818157f24
040577ee-72a3-521a-8674-b287806300e5,e82c63d9-cd9d-5d1d-a180-062e049bbb92
f0dab269-2190-5f52-b17e-56ce34279285,17c58cd0-204b-52cc-8204-8afe3949cd49
3a66901f-f5e0-5ade-bec4-04e2179d7b6f,4d7f6355-29e5-5093-8a74-d91b815d2e77
a3c04fc3-46a1-5f23-baff-7e611845b417,064760ad-4af4-536b-a9c0-71de43c010f0
ec9a1499-3eb6-57cb-9714-e5f65f31f2e8,0d5bed5f-da3d-530f-933e-3cfe79e8b788
9c9e6208-af77-58d3-8f5a-5d0c2a4fca24,37bec1db-7a0b-5e69-86a6-865394a94ef9
c3883e32-d305-5d15-8ecf-d45224870fe1,b0ec7387-2f7c-5faa-852d-98a036ed70a7
ef1da0e4-9dfc-547c-8b13-51282ca6d8af,77c9d417-c005-59ea-bcc3-85cae3436896
35ff2361-c318-595e-b991-be83ff497242,ec0fa2b1-6697-5234-b9b2-16d8a0b9f700
4da2cbd2-1a4a-5b7d-a51a-523623488089,f8152022-82fa-5901-9f4b-2333adcbfa21
5edd0825-2582-5032-bf9b-80f1584e8da6,2c731c6c-d3b9-51b9-aecf-cf5bf0ecb0ba
c49b9704-bee7-5f55-a97a-2b0dfe8ea8fd,1307ef24-0a68-5dcc-805e-f387510cbdba
797f70ea-0ec6-580a-9727-3105274c46df,52c2a99f-e7cc-5f2b-963a-1e80d783d688
329ac586-6133-5ca8-b99d-ff2ce8894d28,ff7a1efb-5612-53e7-956c-ee0a62c44ff1
3e312f55-dc1e-5d55-aef1-dff198cc5451,8a083168-60bd-56a4-9f34-13deb96c8f93
3dc95477-243b-5d68-bfde-f8c5f32f0361,1fc0a503-f2e3-5b3d-a0c5-b2bad769a5ef
7f44fa06-2a04-59f8-89cf-646b39347651,bf88b7e2-30bc-569b-954d-e6e398d0a20b
b6f9da8c-b8a7-5d73-8036-b7c4d03308ab,4aa5fe10-b20e-5d25-9aab-d8d588eda551
c6210abc-acb3-5d93-9e01-7491c19ceddb,9d820e4b-346c-56d5-8b81-d9c132739227
df26bb76-37ba-5e4f-bbc7-4ed1887d6971,05de4c78-7226-5431-8cc2-a1950d948ffd
8f9cafdd-23d7-539b-b8db-dfe6870b2eae,5b276600-4fa2-5cca-9ae0-009c08d824b3
25048b91-0a3b-5477-8465-c912d85b3549,bf97c212-0add-5356-96aa-3c24416d83ae
a3ef6f95-2c73-5907-a35a-fb5882afaa0c,191079be-8b33-59af-b7b6-d552a8f12c91
f80ebcd1-bb29-5884-8014-285e886113d0,606260aa-7764-513f-9998-a3b846e67a61
a8fe0a6c-d238-5eaa-957a-da4bfcbe5126,0ff40539-fa9f-5656-8a59-febe70653a8e
184937cb-f52e-5a3f-9749-26aa2223ca51,bd5278a3-0649-5dd4-a2c2-7f496c245f14
22b5deb9-cd3b-5a9d-b5df-0dc36f02c52c,cf0a74c0-9589-57d1-9f1b-267bf4ab8133
6a692d56-2fe8-5cf2-8241-381149efa151,bf78dbc6-1fda-5f6c-891b-7e03a3d3113a
191d4a7b-77ff-58ad-82ce-8f9e8db0be9b,9c473d0b-ceac-5b77-a7d3-ae2c2f3abead
01666b66-f6fb-5623-98f6-4430b3305d49,eecc9347-3e43-556f-9d38-0c27273af7e9
00c40a7b-1db4-50cd-a277-c6f8d2fd7c5b,3b7c0893-9974-5f2a-988e-df812fee2a87
87c748ed-6e69-54a1-b69b-8b8a0ef6c8d7,f8516142-b127-5f23-a042-fc59a31586b8
c25b2fa2-bda6-534d-8fd0-ee84af45a3ee,d57eac21-e047-5731-bb0d-f47540ae6918
c43c5aa7-28ce-577c-8cd9-17c9af862305,19653e75-d803-5280-b358-30f0fafcd230
2f70d40f-3e15-5da6-b532-3b538413a0d2,48338fce-40d7-5371-b6ae-e3505e140536
67c97254-8e51-58b9-9d4c-076d90aa6c05,ae039913-3dda-5926-98b5-c0293a19b851
738a0882-e38d-5836-b866-a6a152db9254,fe2495c7-4afd-53dd-bc7d-b5190c2c0c9f
dee4fb71-5310-579d-855a-4bfda1b61681,0f4498ae-3db6-50a2-ae43-15aadac2a3a1
0ffcf992-c8d3-51b3-a719-ac03c60db329,a544fcfb-57b8-59dd-b1f8-8b93970f49bd
9da8a2f5-92a4-5da6-9f05-56326aa6e1b0,09ed6785-c004-54b2-bae1-c6f433aeacd0
5885b0f1-3780-5906-8868-3abb84aa69d0,6a975873-b096-5ae0-8e10-1ffa948c6d52
927b334d-43e6-5637-a78f-a3668f39ab25,f59ce370-2e15-552c-8536-5ee1f9324eff
48576f9a-2eab-53dd-939e-dc15971520a3,03d9e959-fc38-5dae-938e-89bba56eb568
42417e44-5ea2-5932-beb6-9cfb353483a0,2652a9a5-202b-59b0-a44a-d8bfdc10d338
43a6a76e-75b1-5b5c-8baf-358527cdf5f5,634ea040-7748-5040-b9fd-09623aa90752
bf54e9e3-6f8d-5c28-98a5-4848d0a38e5e,47b5ff8b-ea08-544a-a419-df9d8d6dce08
b538463e-a953-5712-b4a8-265e5f831046,677ebbc7-0216-58f3-b05d-bc91d5776cec
ad5caeff-ff9a-5e9d-a444-144c68cdb9ff,05f56a5a-9c3b-5f10-9f84-b7436890357f
a767840b-174f-5e10-96ff-1c3a4cbf6ba4,34bdfabd-06a4-5607-ab6d-ece0ec7b31e0
e64fb8bb-45c5-5c9a-9a6b-f85be74e0741,a79bd3cf-8edb-5622-975f-a505d49db418
e0a1fc96-7bea-5b87-b5ce-02ad429b6ece,c38c3130-93ce-57f9-a279-d46a4f96cd88
efedde95-916b-5192-a116-ed41433cf7a8,7be639b9-87b2-5bc5-9e05-766a4e4abfb9
e5d2e3db-db02-58a0-9e98-8848106eb761,9dbba06c-6ebf-5cf9-88dd-45da24199471
78b3da0a-e3e3-5e69-a73b-355bd96add66,a668690a-c2c3-5268-98e2-2a3926cfacbf
d12eb03e-6b25-5361-9db9-a7ea3a05b479,fa453e5c-6d5b-548d-b396-de1755b96f03
240342c5-1b12-547a-95b6-3d67e30aed86,8df07700-6bc5-5864-8d0b-2d3c3a22c22e
077cb81f-2286-57ec-9b90-576903e4d907,dd695f4d-29c7-53e7-8632-50573f66cc1e
52093cb7-c9ae-5514-ae8a-a1f52e1a4bdd,273f5753-a4a3-5c00-9df0-a543d1b6fb09
123e566d-4089-5a6e-8c13-5a95634334dd,e286d92e-ff78-56d0-a31c-ea0414dadde2
193145bc-22e0-58f4-b2f1-8e8742839b7c,63c42ce6-cd2b-5b54-8afd-9d3d2b12b70d
93508eab-ebbf-5bf1-b3e5-00e636e5e40a,5e4b3562-d847-5aee-b626-d9d8af1de6d5
25e6a5ad-a29f-53fa-b8c8-afc1f57eb0f4,02b2324a-520c-5e70-a79b-1cddd6bca343
bd40b36f-035b-5006-b8aa-5ac984d24ac7,2144979f-3ee4-543c-9f1f-65c21a484078
2f709696-6f59-5f27-8d50-5423b1cd9980,cd8db370-551d-52be-9001-ed62d157dd36
63e19eaa-f181-556c-8c81-bc15d265f54a,217694ab-63a4-5c6d-8ddb-79483e532168
3c059d51-499e-5654-92fe-852144d337a3,47ca3d58-2efd-533b-a602-f811dbb6ced1
127f8a36-6e9e-58ce-a93a-1848dc10f671,a32cf6b6-7e80-5c20-b0b0-7880422a1fce
5aae628f-ad5d-5c71-a35a-a870c46e228c,3ff9f7a0-57fd-5dfc-8c7b-feb9f62d01da
d94eeee8-b163-58a4-b6e3-dce839a9e975,094365df-b2a5-5af3-b8a7-67a666bd7afd
6a4a9157-7e20-5ef2-84d9-baed2b76844b,1db56f7e-271c-5489-b81e-1b0e303b0d84
b6386f29-e189-5918-8d35-53c6f31c340c,005b7c80-d2f9-5d66-9486-57b3a0005db3
d78f2643-9d4a-5af2-8ffe-e394fc95b001,7e1d36a7-4613-523d-b81a-219ddfacdbc6
ce6e9381-56e8-5830-9388-6007281e10cb,1f78db17-6b84-5809-a3d6-41a1c3a0f6db
e62541b4-a898-5b54-b27b-2135da084591,6f05428c-a8df-51fd-ae4c-6eb5e67031c2
7bfd8361-93c1-5a0e-864d-6602bef757e8,4071363d-e88e-5f56-b7ed-afcd6bf2ef1a
309efba2-639a-5324-83c5-8ba5dde13cc3,a8cc1821-882d-5581-b5e4-031ea9c5d678
bf24893b-36cd-5dce-98ca-5a92fb0ee938,e2240b9f-dc7b-5706-87d3-e35871bb02f7
c7b3f2fd-4f91-54d7-9700-7cdccee606df,9bb44ea2-b008-5da3-80c6-f8c15d33f240
1e0efda5-b3dd-55d0-8cd5-5cd576963a89,c193062d-9094-58a8-b911-6fef885ad891
6cf6909b-2006-52f7-9f07-3c0fe013a254,19257ed5-e5bd-5f8b-bd15-bd310d9e4d14
ddbe395d-3d05-57ad-a898-c7d6900ffacc,311db0a7-5900-5644-99ce-d35f8f065d07
bfddabea-7c21-51c0-b377-44832b449f5a,19c589ca-9f14-531f-819a-c3ff142192ef
1d5b9a6a-ae97-5193-916b-9d4c20373993,ca5b2bf9-fad4-526e-b463-0d273476f667
44b3ce5c-5b31-585c-a619-e11f22d131b2,a880a546-8b2e-5297-94c4-50e7a4a843d0
61df8cf2-6f9c-5d72-acd2-56e23d5fbb6e,a8921053-6c2b-5dfd-9836-c40ec00977f3
fecb473b-2d9d-5e80-8ecf-f1922de74abd,4e0bc87a-c116-5701-aa95-cc186d82a403
e08cd20c-a1a6-50f6-aefb-02104dac41ef,6b27232d-41f9-578c-9424-c2e38d546578
66a92619-1fa3-51b6-a7af-c9e075389e04,c025a020-59af-5d64-a3c4-b8c1dfe6889e
2620112f-7ac8-5a3b-bc24-c38b1a0f721b,40463966-00d9-59d8-ae39-51b8defcd218
f49ed8cc-0c8f-5040-a323-1fa2ecec7699,344c8c64-c249-5d03-84ac-6204c5316c8c
3ebbae54-6f28-567f-a8b7-c636a3638327,c218bae6-147e-5b7c-acf2-5e0362ad8be7
7eb45a4a-3689-54fb-864e-01e069e03bc6,04fca832-12cc-58ad-81e5-886aacf5f202
ed5b32d3-6804-566b-a65a-8ff4f1418c7f,53520d7b-803f-58df-a9db-8b4b6e6afc9c
6cb2138c-b811-503f-93e3-d8a8b27f2510,549bb822-1ca9-51ab-b74d-44670bb989fc
b1bead7e-243b-59bf-9a8e-61b43cc02099,e2318e20-44a7-5e5c-877b-897a12d6da20
5af56295-0182-5021-a5a0-492d73d453d9,c203e1d7-75e9-582c-bb35-81d93eabd0ee
90ef15e4-93f0-5653-b9b6-e59d0562bd5f,fa661747-ea45-5d5d-9275-b8c8a7f74336
f8466e9c-47e7-578a-bc65-430a5c2e14d6,a96e3b7a-a03f-5c85-b29c-7ffb05299bd7
a8e79955-d1d6-51ce-a005-a24a76650ebf,df6e5098-7be1-5c62-a498-b6bd9210884c
c80c6652-f565-505f-a6d8-098a7efce633,6c062f52-787a-5f74-9c04-a0ae770f8bc7
e929ac7d-0669-50bc-8c68-04d9f9e1e2db,568657c0-1640-5aa8-b906-135514dc546f
50ccbf23-7a99-5fe3-94e2-9e45a62726f0,851ff3c2-bebb-55c6-afd6-87facd3bb14a
eb37531d-168b-524b-8689-289bca9295dd,065a1533-dd0c-5b83-8138-a3b59d03e8a7
a7fb8589-b738-5333-ac9e-1c7c265e8bad,59596187-c22b-50eb-8f8a-623ead6a417a
17bdff81-b329-5396-8e69-529abc54eb53,7c0933d1-b5fa-575b-86fd-6f73bac8866c
cba3da37-ee9b-54bc-8a04-d68797eb9f44,eeec774f-9569-5a69-a051-8e3136c87ab5
3be27e2c-5b14-5b69-8bed-9af7c8072035,d4d7181d-6b6e-537b-bbbf-fa42bc20150a
c2cf74e4-0d9d-5e26-b9a1-b2fd7582aed2,81f17020-997b-576d-9a23-5bdc2d4bd20a
46c542ff-9788-5e59-90fd-8bb7394bfc60,3dc0be54-9d44-5429-af76-4acb34cc6da7
7f836018-f3f0-58de-914c-e857ddc1fd3b,baf834d1-47fc-5995-80dc-2b15df8d551e
25d957fb-671c-5cbe-9fca-4f132e708292,baaaa9b1-4ac6-5cdd-babd-f44557d19284
ad3880e8-4b4f-5fb8-9a30-e91fa264f917,25a47cb8-d5a8-5c31-9fc2-d6bf873b1f98
41f971b7-5088-51c7-9115-5bda980d4691,237658bc-bdaf-51fc-8643-eeb9f840489a
7c924015-2344-5d89-ab53-a1e81a7d118f,858cc3ea-af1a-5d43-931b-197f9fc7a708
54fbd274-cc16-508e-93e2-5cba0d242548,d78de597-949e-503d-b59f-085b9d40ec45
fd4a8266-f10f-5ef1-9064-fd935899bf41,a275554b-168f-5e30-837b-cc448ae4b84f
89d1bee6-1b63-51ce-825a-340880835ba0,f67b77df-dd52-5dfb-accf-cfc76868914e
3a261d4d-6c44-5d3b-a6ad-ab2f1ca6a56d,21808d78-d3ad-5f8e-a4f2-aa7a63566c85
887910e4-b88d-5852-a980-08dd1cc6da32,46e25d00-bd76-5390-86d6-af95202a3a30
b048c59c-0ab0-507a-9268-d262e7e38d94,06d9e22c-53d0-54a0-86c1-bf547a9b2385
f9d60a00-9861-5603-87a0-84629f818c29,f9f3a396-742b-5818-8b06-087d0445313a
904c1b84-52a8-5dfa-a29f-e686f91a39cd,dc1c54ef-224d-531f-baca-cfbca9c645a3
f0f56d76-131b-5cb6-84d5-b896b7baf824,c530bbe3-abc5-558c-a59c-4542397434fc
34e9d1f7-46fb-5141-ac0d-398c849cf446,8d0f8693-6b83-5825-b663-474a7b58fe25
2ae550ba-a12b-50d8-bca4-9b5e6f42a087,d590052c-8edb-5507-8486-d14fc85ede60
b2d6f199-f3c9-5cc1-9541-ecb4e644d037,b3f6013a-f930-581c-8123-ca7e63d9b8ca
3b695e20-4cfe-5261-b41d-d7bcb0e28ebb,a116fe76-7374-565e-9a6b-43363c8aad33
a2aab3f0-345e-5c0b-ac9f-2a927d5029a7,26faf44d-407f-5849-afc5-a03ce86390dc
c595637d-35f1-5d73-98ad-7cd04ba1065f,b479c66e-4923-51d4-a82c-364bdca3256f
4fecdd92-dbd0-545e-aa67-2fefc8eea3f6,d29b0265-4dcb-59f1-a8fb-5c5bb306661f
dabbf6a7-8ac2-5aa1-ae21-7d36aec5a11c,4ca2c2ff-836b-502d-8aa4-8b47cf71b9f9
399e13a1-38cd-50b4-ac7a-7d4f9144ee85,22d50aec-9b00-5bd0-84d3-e14ce07e21af
f90bcb82-2560-51b6-959e-22cc26fa1a76,b192e7e5-833f-5c89-9ca0-fe387e80783b
44512582-1a81-59ff-a688-333cc2bec555,fb8629b5-86fc-5c08-8eb4-b27f477bef7e
c5e4291a-81c5-5650-89c4-f02df2cd566f,0d8bcd5f-67d2-579b-8aa2-c0c28e1eb90e
77fa9450-dc75-5f4e-8ba9-b673f73ea23a,5634a7f0-8b8a-5bc5-ac27-8f5f62a0dda7
b33af5ba-5186-5b8e-985f-06045bcdc4c2,cf8bb2dc-3f79-5e12-a77a-0b69d90b7be9
af9fa47a-b28e-5203-ab4c-4b8af2cffd95,d3e53753-f7cc-5232-97a4-2c0368c97c8a
e5c485a7-749e-5a1f-84a3-6e250e57047c,e57239e8-c509-5321-b34a-88d1b5362300
be8f92de-bea0-56d3-9e2c-e18227f0588c,2515fc75-7061-5096-b01d-c88305207d63
667715d1-e86a-5746-a7d8-2715bb3ed4c4,145cac62-97aa-5200-88ee-1c4fc8b498a1
a45ce547-b587-580f-8d25-d1a94aa4be31,810b532c-028b-5ccd-af64-128e92f833f9
7a6e81e6-e877-534d-90c3-a0e2b8af8e68,cf284fc4-5303-5d66-9391-7b184f3bc0af
e7632d1a-5413-545e-ad12-6c13ccadcaa8,73f3e0f1-a687-59bd-a4e4-047d23cac6be
669f558a-3db1-5e31-9313-a5c43ec1df71,8d0af10e-f2f4-57be-aa22-e98f0981bb0d
53b1645d-ab53-5590-9f3b-56ba1cae57d6,61e58d53-aa61-5a4d-8feb-28b3ea5a5929
bcb2e7a6-f5a6-51ee-8f5c-46c0c6b95cc2,dab28127-b024-52d4-b8de-5869291c60c7
ea8f92f9-ccbe-5508-9f8f-6cf9a0b873a4,82e90f8e-fc0c-5c34-b711-fc160baaeca2
34708cdd-db79-58c2-99e7-0f5c0787046d,a000f46a-dd10-5e36-8d19-a6f97443e181
4a90e71e-6293-5d8a-a645-70677f4f6ba0,51b6ef3b-f2af-56c1-a555-92a1f493dcb5
95bf9e16-23cd-5293-914f-70b4fc765de8,b9bc74e9-5682-542f-bdba-2413ce8f032a
6fc312b7-67b1-51a0-ae8e-6a82765e8d74,96785773-39d7-5291-a400-6deab7e23023
bc55f0bb-0f4e-5542-af5f-576d5fe763dd,3c4ab58e-31f5-5bdd-8101-5cd9a6a0dcda
b98fa1b7-1107-56ac-86a6-a19d363e816c,da979a8c-c88d-5f0d-8226-bb28018fe3c5
d8c878c7-56bd-55cd-9996-00d4b852186c,9949430f-4f84-58e1-89a6-a99196237b25
5cfcf450-6288-57b4-a772-d0c0e710cbef,3d864f42-371a-5442-a9a1-20714a5673ab
99575b3a-9da4-57bc-b9f9-975d42dc874c,051f6f46-4a4c-5b2d-b6e9-3a0ee591853a
1eb67b8f-2575-596e-b6c8-09119d8b8573,543ba8cb-99a9-59f5-b298-b4edb8eef3c3
5a214f5b-fb60-5a0a-b817-8517a505a254,98a40be5-042a-5a1e-816b-672dd8e0bce4
ff99e291-8740-5eeb-a70b-cd262d77cd04,3055da13-d82a-58e9-8933-8a7080ca14c8
c484eaeb-ff75-5d70-b021-971dfa7f548e,a0bd29a7-afd6-5bed-b7f3-7ca7f786e6aa
aaef0801-e6c3-5387-989e-53e8a6487872,49c546b2-8b0a-534f-868c-32d5f930d097
c5081776-38a6-5a48-b3d9-a83107b0a4d0,65669fbd-9b0d-513c-a979-81f60a2c28d5
b1799fce-62df-5608-9e60-d5a7f6f5b033,ce8ef898-94d5-5242-8837-611ada9f10ff
6e03cb9b-fbf7-5293-8eea-cca7ce66c7f6,e4f6a3e8-9bca-5a3e-a43b-3168169de1fd
60e855f4-5022-5653-a78c-af8e813fe239,75a2626a-a426-5a28-95fb-bf84ff67d863
432cdafd-a732-5c9a-bbab-96fb10e54d70,19eb7b71-66d1-5b09-97fd-bae03e5b9de6
aaa68132-cedb-534d-9962-6bb4c8364f3f,47930d45-08ac-59a9-89c3-f84f5d3ebfe8
d26ec518-ce27-584b-9958-481baec02c85,1de1fac4-fa92-5ce5-8c58-3a1512cf879b
9df60992-e6f7-5897-b6d1-37246cdc4581,68c587af-3d4b-521e-a3eb-91c2c245230a
d30f14c4-e48d-5c04-9885-754081e5c046,017fb869-6c50-56f7-a774-eb52d18e11db
f4b82e4b-4c79-5214-a034-d19661b11c94,6c851120-8160-570e-99de-1799e557a506
ce5dd46b-82f2-5401-a8c8-28f0e67c6c9a,bb3432b5-02d0-5325-8c68-913d4659c3e1
1cd9b9c5-3b71-5ab0-8887-6d3002070a84,a5f089e9-94f6-5633-827a-44e9fd3ba5c4
9f5d72d0-819b-5840-a454-ed8109477570,36fd79f3-f8b9-593a-af4d-a2eff70094ef
83e61953-27f9-52c7-a106-7d71c3304aad,7b37af9b-d44d-5a7f-928f-7a56f5728a51
bb7f1385-7537-5117-828a-9dfd8b947a5b,d4f773fe-ba96-568c-8194-77cdaa06a329
5069caeb-b4f8-539e-a2b4-10bf6a6fb7b8,92342fad-acd1-5ed4-a059-b26f72f0aabb
f6d550a4-b260-53de-9b1b-d3e3c44f7204,dac8d1d0-4206-5bb4-ac34-9bed985ecf3d
02fd14b3-fec4-50ad-a0f8-c5b7486a5b09,87ca95e0-19e1-54b2-9f20-ec5757367243
638a3569-c20d-5a87-94e6-7f40cc282ce9,ba4a1500-9286-5071-af7f-b8fbaf0e5066
cdf7db9b-52f8-5cf5-945e-fc4e7cfbaea5,0f243251-44f2-5f29-83a2-8cd7368780c8
ea5741ca-a950-543d-b4e0-73a145da3b03,8229d6f7-398b-5c8a-88ef-a72412317851
276b5033-b464-552c-8508-646b47ba0ffd,b8a2b4ec-97e3-527d-9cd2-3baada7c3f4d
31b5434a-f737-51ca-890c-5b2ca8fc8a95,54f8cee9-b4de-54c8-b490-4ec984d57cb1
6c255226-bf4b-5e81-a337-1fac31f9a7a6,eb981a3d-cdfd-58eb-b3a7-4a8ca6b6f813
dd7e11c7-4ee7-5e4b-9255-525dbf386502,45d31749-c9b5-5584-a0df-8e42ca02a6f5
7a71c73d-5479-584d-b43c-6448e4167f26,9373976a-6d7c-52d5-ba6c-9eb862e8b09e
7345649b-a122-54cd-92b5-898c4ba38cf3,bebdad56-c3c5-54da-9801-10e58ba3ec34
1f632163-210d-5e36-9af9-1c99e037eda0,0e579ed9-d55d-513f-a3ef-55b19aba724a
70af1da9-a9b6-54cb-856c-36ea0f31737f,0a8e6e9d-fa64-5762-9fab-77971d3e074b
7f284cea-ed22-5eb8-a158-f40aff95977b,20404d78-966b-597f-820c-5c0ed455bcb5
0d793614-ad47-5e97-8088-2efba4f4e2e5,d65eb2ac-b3eb-5d94-b974-8a16ea8af0a6
0c24919f-e070-51ee-bf2c-cb9415eb5ca8,9b608410-18ba-55f8-8400-8a133cd138ac
4a682153-2037-5509-8359-ff48e16449ae,950cc238-ac4b-5718-9b7d-42179c387fec
ff7465d1-2a8f-52c9-bc41-b8791554bed2,14f88530-e755-50d1-85e8-749aa8de96b9
d59435e6-b763-5b35-9020-c2d375f825aa,38bd86f3-9ed9-5997-a9c7-677571e252af
