claim_uuid,evidence_uuid
f9b8cd14-035b-5a96-af26-7ebbe6a817b5,2472c1b6-97c0-5f60-8b84-a1dae12078f8
e5ff17f8-25dc-533a-8ccc-6b26762eeaeb,45751011-e828-55f5-b7a1-a167af8e6a9a
f8795e28-cbf7-51b5-97f8-0977f8199331,f2092135-ecec-50cf-9e9e-a97c1a87f9b7
2da4ac29-1fb7-588f-87eb-cefc624d5e25,54f74352-6bdc-56ae-ab2a-da72e93fc53a
01b4acb9-48bb-50cd-9400-1b37bfac3cdf,37db669b-a31e-5686-b64b-fb73fe6c0f97
5e108eb6-1ade-5ca8-88bf-56765631dcdf,e55b9d21-2896-5d6f-a67a-01bbe62d1c17
73a23aa8-aeca-53d2-b2bf-805a2c65344e,0c5e7d77-5432-5737-9c73-f19cd19fa307
93471a0a-a7a8-51a3-9b07-bf7e7e8d16fb,7195c142-ecdf-54a4-aaf9-8d1862e2e2f0
0d5c6a2a-1e57-5d54-8cdd-2e3c703dedc3,84a88e4e-c86c-5d4d-a3af-c3fb7ccc47bb
b50d7087-7df8-5c4f-b9b3-6a60ddc774e3,dc0ec3cb-5688-5dbc-a3f0-a5d05e3b9785
e1123f8a-2c2c-5e60-96a8-7a6c1f6e2b7b,2576d183-e4bf-5e01-97d8-331eea942c24
c4b25b1a-9d91-59b2-9b8a-8a7b1f4f6c11,949c93ac-d54d-588e-9622-137daf8a0b95
7c8c21b0-2f69-5e5d-8a1b-6f0c1c9b2d3e,37ef7f09-fd03-58d5-9f7e-4a19abcff49a
7c8c21b0-2f69-5e5d-8a1b-6f0c1c9b2d3e,0f4a4df0-3c84-5793-97bf-424d312ea3de
