product_scan_uuid,product_uuid,user_uuid
1b3b7129-0105-535a-bac3-99dbe6edc223,1f89eb52-0405-5468-83f6-bd7582a34797,b80c8fef-a677-5340-85fb-2c162d75df03
3b964be6-6595-5ee9-a893-05a488bff846,d6623382-73e6-5712-90c2-6cb3e6bd5d5f,334b6b31-12a2-5bfc-bf4f-870c0954b343
4ded1964-47c9-52e8-88d5-c3802b417ff6,3b6523f2-cd26-55a7-80b5-8aee6f15197e,c093c7f6-6edf-595e-9539-70de788efbaa
13b78c04-cae6-5715-b53a-ce77b85efa3f,636141a5-bbc2-5a05-9b79-0bd2f8028c78,b80c8fef-a677-5340-85fb-2c162d75df03
8281b31c-4c2b-51ab-934c-91c8d24f7d4d,ee3227f0-e29b-5e4e-931d-9e8ac1f5c245,334b6b31-12a2-5bfc-bf4f-870c0954b343
91731575-8ac2-5364-8e3a-62cc73e7b242,540eefd0-a860-56ff-bc37-a12b34e12f8e,c093c7f6-6edf-595e-9539-70de788efbaa
59f5cbbe-8476-58ef-b894-c616ccd81a47,2281aa3b-302b-5b42-95c9-ec1bfe50ae44,b80c8fef-a677-5340-85fb-2c162d75df03
3e7c0de8-e9b0-57c2-ab1b-2ac745f475a6,1a818840-e58d-5863-a570-867e6940b4f9,334b6b31-12a2-5bfc-bf4f-870c0954b343
9ac431fa-d602-58d6-ab61-29a1a932d0c0,e623e25e-22bc-5cdf-ba82-310cb8d9c060,c093c7f6-6edf-595e-9539-70de788efbaa
334225cf-a46e-52d2-ba5c-5389f30e40d0,d1aaf5c8-8cb6-5320-a000-aecf428b7a1c,b80c8fef-a677-5340-85fb-2c162d75df03
3cdda9b0-f96e-5a26-b2d8-7474d7c5a35c,8bdb0aa5-c595-5ae2-a847-a05e932417fc,334b6b31-12a2-5bfc-bf4f-870c0954b343
2c580011-df1f-565f-b4a0-dc604ab253d8,e4d6eb7e-1984-594e-afea-fd7a5f396ffc,c093c7f6-6edf-595e-9539-70de788efbaa
90b594ee-a014-5a37-a480-8385fe2cbd20,2f5aaf4d-f290-52b2-ae38-e6cb07f8ba63,b80c8fef-a677-5340-85fb-2c162d75df03
a13ede4c-e795-5c83-a982-636039d89d94,d422e9a5-6975-5596-aff5-001b831baae3,b80c8fef-a677-5340-85fb-2c162d75df03
e9ac80c6-e5ad-581d-9e7e-dea2c63eaac1,0a15de31-291b-5958-9ae3-df33a8ddc1aa,334b6b31-12a2-5bfc-bf4f-870c0954b343
35188ba7-bc53-5cc7-8358-46aa54f525d2,3002c67f-58b6-5264-8f3c-a18c781119c3,334b6b31-12a2-5bfc-bf4f-870c0954b343
70d4a37a-ba39-575f-a34f-595e8b34e00c,106f6d0c-6738-5d2e-b830-2995d5247f0b,c093c7f6-6edf-595e-9539-70de788efbaa
c3d6479a-5f41-55a8-86c7-89e3ebe26954,0125daac-d72b-5f25-b5d7-22da72fff972,c093c7f6-6edf-595e-9539-70de788efbaa
09f0c229-4941-5cbf-b924-6b939756b0c2,fcc5b1a8-ba84-560e-b6b4-dcafd2e6bb27,b80c8fef-a677-5340-85fb-2c162d75df03
1ac5d5f0-548a-5bc0-ba05-62b68fa2b487,1af5443d-c28c-5c21-b16a-abf2419a836f,334b6b31-12a2-5bfc-bf4f-870c0954b343
2b27a278-d671-51e6-ad82-8c889abf7d27,654bce11-3fb7-5f7e-b356-880ca1f8da1f,c093c7f6-6edf-595e-9539-70de788efbaa
6051e902-9ac4-5312-962a-ce8f3a2f2ed2,fcc5b1a8-ba84-560e-b6b4-dcafd2e6bb27,8a1d9754-3fe4-5daa-88b8-7e5b3cd90c94
b2506c54-be2f-5c3e-8dc8-28c0308abe57,fcc5b1a8-ba84-560e-b6b4-dcafd2e6bb27,94ca1a5e-7fa8-5e7e-a522-9b9c66ee14fc
875a2ab7-6e36-5ae3-81ec-3c5136504eb5,fcc5b1a8-ba84-560e-b6b4-dcafd2e6bb27,3db8bf5a-9563-5a7f-898d-ce55b0bfa4bd
b50a5f5e-9e4a-5e88-81e7-1abf82a58838,fcc5b1a8-ba84-560e-b6b4-dcafd2e6bb27,abc994cc-090e-55b6-8968-909e273c3a73
9aa3cf19-a658-56b9-806e-37b8ea2a2711,2f5aaf4d-f290-52b2-ae38-e6cb07f8ba63,48989960-dd6d-5b45-b59c-554d93850625
70045191-1fe4-5ad2-ac4f-7f00c0ae4d77,2f5aaf4d-f290-52b2-ae38-e6cb07f8ba63,48a09340-134f-57c7-8abf-96ddf05ba965
cef05674-bb02-5dea-9b4d-30b921550e49,b23b6fc9-9c23-5e6d-bcd7-7db42db4fa00,32917232-e65e-5e1a-84e7-a799f8bc6efe
f53b8c0e-dfba-5eb0-a14f-03b61e15305b,5405ddf3-f069-5d01-8c2d-85fc9656e000,d214df20-3876-5bb3-8a25-c83304678010
03ba92de-0be9-55bc-9f54-ddbe472009ba,5405ddf3-f069-5d01-8c2d-85fc9656e000,9e1cf261-2b09-5b1a-aaf1-c0c16a508fc4
49227c62-09a0-5478-a0b6-1282d32c8d2e,d422e9a5-6975-5596-aff5-001b831baae3,c5ead702-df87-5645-b6b5-a8a0dc857c54
a2369b5e-ddde-5131-9184-80f6476f040a,1af5443d-c28c-5c21-b16a-abf2419a836f,182a9010-98df-5974-ba4b-d5f5d1a8f1e6
57266f7f-3a76-50be-b05b-eac3183c7bb1,1af5443d-c28c-5c21-b16a-abf2419a836f,45e6102a-0e88-5cfd-9391-0c8e6e473b0e
f02fcb3f-df4d-53cc-93fe-7f6de6df32fd,1af5443d-c28c-5c21-b16a-abf2419a836f,6e2bd643-73ad-54b7-8eba-db42807e97e8
d54fab2f-818c-5a2d-8f54-be7b1bc6f196,1af5443d-c28c-5c21-b16a-abf2419a836f,335fbf7d-5fa1-5de1-a470-4b87fa27362e
fc4a8b37-2e2f-5255-af29-e41b2435956d,eabfe782-d96b-5092-b568-988710c2a215,48989960-dd6d-5b45-b59c-554d93850625
fb4c122b-1a74-541b-9149-660ea12de300,eabfe782-d96b-5092-b568-988710c2a215,bd23c8cb-dbf7-5e29-8753-cb55ed7c7678
d839c3de-d3c1-541f-b45a-f729112771fe,eabfe782-d96b-5092-b568-988710c2a215,c5ead702-df87-5645-b6b5-a8a0dc857c54
1d9771e0-319e-5016-87e2-87e077d44f98,0a15de31-291b-5958-9ae3-df33a8ddc1aa,e063bb16-cc76-558b-9f94-afe212747cda
1815aa9c-53b1-5d01-a332-e8bff6fe7f69,0a15de31-291b-5958-9ae3-df33a8ddc1aa,32917232-e65e-5e1a-84e7-a799f8bc6efe
1a279ad3-5f27-57c3-9bf2-8dab9a07d0ab,0a15de31-291b-5958-9ae3-df33a8ddc1aa,3db8bf5a-9563-5a7f-898d-ce55b0bfa4bd
5b0aa6de-0b47-50ed-b23a-063a2e9cefd5,0a15de31-291b-5958-9ae3-df33a8ddc1aa,7d41b2eb-98b6-54d5-acbf-d5f4c85b4a8f
7c09e293-f0c0-54ba-b285-7af1e04d4159,3002c67f-58b6-5264-8f3c-a18c781119c3,9e1cf261-2b09-5b1a-aaf1-c0c16a508fc4
c83af062-7361-5006-a1f1-a42fb74d0052,3002c67f-58b6-5264-8f3c-a18c781119c3,83d1d1d4-83b4-56df-992e-6ab69c4854fb
e619bba2-5831-5f2e-a1e8-c64193324d82,3002c67f-58b6-5264-8f3c-a18c781119c3,9bc85402-f37d-53ad-8564-da23e9a0d7c5
a80d30f4-5b93-5f13-a3aa-fd1d8201432a,0125daac-d72b-5f25-b5d7-22da72fff972,837ae52f-893f-531e-8101-e9d09e319487
7e6acad2-a66d-54a9-94ec-908cddc5bdb6,0125daac-d72b-5f25-b5d7-22da72fff972,ca185479-ee43-560d-9a36-b4db8d98b690
c9477936-1f43-543e-9fbd-d52d80972f2f,0125daac-d72b-5f25-b5d7-22da72fff972,45e6102a-0e88-5cfd-9391-0c8e6e473b0e
44293046-0692-5ea7-a492-dd867e320ed9,d6623382-73e6-5712-90c2-6cb3e6bd5d5f,3db8bf5a-9563-5a7f-898d-ce55b0bfa4bd
aec87457-b07a-5ea2-b91c-2967f445bcd8,d6623382-73e6-5712-90c2-6cb3e6bd5d5f,86b5e9d7-559c-53c6-bb17-5ef61ca99132
0b9b4d18-9cca-577a-b2cd-b40424bb3008,3b6523f2-cd26-55a7-80b5-8aee6f15197e,d8aba7d2-e28d-57a6-917c-e52a155cc2f8
91a92363-eca3-547b-823c-1b69eb1896ef,636141a5-bbc2-5a05-9b79-0bd2f8028c78,a9a0d40e-dd52-5964-80dc-4aaf06ff01df
60a065a8-f832-5358-b223-e8949e1ec2e4,636141a5-bbc2-5a05-9b79-0bd2f8028c78,86b5e9d7-559c-53c6-bb17-5ef61ca99132
67a7906b-e680-5348-92b3-76d3a3fdfcb2,636141a5-bbc2-5a05-9b79-0bd2f8028c78,3b69d310-feee-5bd1-bd14-3537008ee007
937211d3-11c1-5325-abb8-053d138136ea,636141a5-bbc2-5a05-9b79-0bd2f8028c78,837ae52f-893f-531e-8101-e9d09e319487
bf440606-aa10-5513-91eb-f52b51718511,ee3227f0-e29b-5e4e-931d-9e8ac1f5c245,4796ad9a-96a6-58f4-825f-73ca6e68f9c0
606ac809-46a3-509b-9a88-884a7fda6f36,ee3227f0-e29b-5e4e-931d-9e8ac1f5c245,86b5e9d7-559c-53c6-bb17-5ef61ca99132
10601b69-4133-53d2-ae3d-cf562e0ba571,540eefd0-a860-56ff-bc37-a12b34e12f8e,d214df20-3876-5bb3-8a25-c83304678010
18cdbb4b-49ca-5435-aaf3-5facf07fdc23,540eefd0-a860-56ff-bc37-a12b34e12f8e,ca185479-ee43-560d-9a36-b4db8d98b690
efecb8c4-f55b-5fbf-8933-c1854b8ab1ae,540eefd0-a860-56ff-bc37-a12b34e12f8e,a9a0d40e-dd52-5964-80dc-4aaf06ff01df
dfe990e8-f788-5c22-ae17-89c0d24a8600,540eefd0-a860-56ff-bc37-a12b34e12f8e,7a5a92ce-bc8f-5cc4-a9d4-e94b584ffeb9
570bf84f-4f01-5340-9012-114a59f53d26,2281aa3b-302b-5b42-95c9-ec1bfe50ae44,34e3f912-a06b-53a3-90aa-c69ee40b4644
02c6f1b3-7f49-5add-87a9-b388ee7e9998,2281aa3b-302b-5b42-95c9-ec1bfe50ae44,4796ad9a-96a6-58f4-825f-73ca6e68f9c0
850a41c2-9c4a-5ce1-8045-e443286ef924,1a818840-e58d-5863-a570-867e6940b4f9,ca185479-ee43-560d-9a36-b4db8d98b690
5b460e18-7e36-5b20-b2b2-bdfa14ed1dda,1a818840-e58d-5863-a570-867e6940b4f9,71cf5f88-701d-55cb-8be2-2a7301bf9cea
542600ab-5b31-5412-b9c1-cf6114e7911e,1a818840-e58d-5863-a570-867e6940b4f9,3db8bf5a-9563-5a7f-898d-ce55b0bfa4bd
518bff32-29e4-5ec7-89f8-4ff05dbf0e7f,1a818840-e58d-5863-a570-867e6940b4f9,9e1cf261-2b09-5b1a-aaf1-c0c16a508fc4
2568cd4f-76ab-5636-8f88-c6e63c52cf01,e623e25e-22bc-5cdf-ba82-310cb8d9c060,3cd43d89-ab0b-54ac-811c-1f4bb9b3fab6
fa38109f-0989-58f2-8865-7c11910ef557,d1aaf5c8-8cb6-5320-a000-aecf428b7a1c,71cf5f88-701d-55cb-8be2-2a7301bf9cea
870be912-3576-5cb2-8312-303fd80326e4,8bdb0aa5-c595-5ae2-a847-a05e932417fc,1690bddc-0560-57b7-a689-68b98871eb9d
51b82deb-f2f6-5463-9d2f-ba5c573b3a75,e4d6eb7e-1984-594e-afea-fd7a5f396ffc,3b69d310-feee-5bd1-bd14-3537008ee007
5e79c845-eb38-51e3-ae08-8f703322f923,e4d6eb7e-1984-594e-afea-fd7a5f396ffc,ca531546-5be6-5488-8029-378c912447cb
856de53c-5741-5d0a-b68d-eeab18e65cd5,e4d6eb7e-1984-594e-afea-fd7a5f396ffc,3d29972d-e1ce-54a7-bc96-13c0d3607a53
30e2913e-7490-5916-a130-75445288f9b8,e4d6eb7e-1984-594e-afea-fd7a5f396ffc,3db8bf5a-9563-5a7f-898d-ce55b0bfa4bd
f7a32566-fe0a-54ef-88ca-ebb0fd1a2026,78405b39-97ea-53d1-b5fe-530d85d69d40,e894cb8b-477f-5ae4-8257-27d14adacc9c
846148df-2c2b-5404-b77a-086f0dbecaa5,78405b39-97ea-53d1-b5fe-530d85d69d40,3db8bf5a-9563-5a7f-898d-ce55b0bfa4bd
f87c04cf-54b6-5c0d-a7da-4fc7e76e6039,78405b39-97ea-53d1-b5fe-530d85d69d40,8da2eb1b-2971-57f1-969b-d1988b7d2a5e
0083f534-f81b-553d-8074-94f0d288a4af,78405b39-97ea-53d1-b5fe-530d85d69d40,dc534895-ea6c-5aba-a151-3f768ea705b4
0eddfe1a-dca5-5e4a-881f-14395a3b92fd,0f4da2d5-6632-56c3-9779-5fc1f808e27d,dc534895-ea6c-5aba-a151-3f768ea705b4
fcdac394-f85b-5360-911b-05aed1b92c23,0f4da2d5-6632-56c3-9779-5fc1f808e27d,4c292f80-08ab-57f3-8b0d-f77c8d8d3d13
31479824-0409-5ad0-9d06-9f8f35879864,4a5e0aa7-ba80-502b-aef7-b3c508c3a15d,8da2eb1b-2971-57f1-969b-d1988b7d2a5e
546fd723-6892-5432-b55b-44d0c7176c78,4a5e0aa7-ba80-502b-aef7-b3c508c3a15d,837ae52f-893f-531e-8101-e9d09e319487
8d10e2a4-ef8c-59de-a092-03fb8680802c,4a5e0aa7-ba80-502b-aef7-b3c508c3a15d,48989960-dd6d-5b45-b59c-554d93850625
b91db89c-9fe1-5df3-bfb4-9fdcf72e6e63,4a5e0aa7-ba80-502b-aef7-b3c508c3a15d,cdbe6d79-0ab7-5c69-91f1-ae6162a8db81
dccbcd11-d974-5d76-84e6-c9372041b854,003f4e82-b4e2-5a44-98f2-f1afec956d5f,4c292f80-08ab-57f3-8b0d-f77c8d8d3d13
6d068408-e99a-58a3-8855-e91edd398128,003f4e82-b4e2-5a44-98f2-f1afec956d5f,48a09340-134f-57c7-8abf-96ddf05ba965
fa2a00f7-6f45-5469-bf12-e39f03a0183e,5271b173-1b57-5ace-bb35-4253a712a456,ca185479-ee43-560d-9a36-b4db8d98b690
8fef1948-c82b-58e4-a05e-36debfd6aa20,5271b173-1b57-5ace-bb35-4253a712a456,d8aba7d2-e28d-57a6-917c-e52a155cc2f8
5dad13cb-c0b9-5670-bc6e-163b9b3d4b57,5271b173-1b57-5ace-bb35-4253a712a456,34e3f912-a06b-53a3-90aa-c69ee40b4644
8f476c4b-c243-5ac0-ac10-7c08094249f1,fa0f8c2e-a6fe-5906-a148-ae3a1ecf42a9,603599e0-a987-57de-8def-0bf5234dd3c1
372e7167-f826-5c49-8386-4e8a40d387a1,1723325b-fef7-503e-b9d7-846e7c92802b,ca185479-ee43-560d-9a36-b4db8d98b690
10f52a34-36c6-5886-a128-5d5688f350da,b79bf84a-4cec-5a85-8a73-c88019ba0a54,e91d7a16-b665-55ef-bbbc-b44f33cf29b0
24a6685e-c1b6-5e66-9400-b5bb450d2016,b79bf84a-4cec-5a85-8a73-c88019ba0a54,a9a0d40e-dd52-5964-80dc-4aaf06ff01df
95932770-3348-5146-b164-0675798296e0,c28fabe1-ef52-5c2b-bed5-17ae0f6fd5b2,dc534895-ea6c-5aba-a151-3f768ea705b4
b3b04760-25f6-556a-871b-f2c68d1c9029,c28fabe1-ef52-5c2b-bed5-17ae0f6fd5b2,e063bb16-cc76-558b-9f94-afe212747cda
fe5e0cc1-ce50-5e97-9f3f-9fff70fa6700,c28fabe1-ef52-5c2b-bed5-17ae0f6fd5b2,a9a0d40e-dd52-5964-80dc-4aaf06ff01df
ebcfc67b-c579-5b01-8ccf-6b55c9fddd8a,4a6cf708-9818-59e5-9dac-8a10103e17d7,1690bddc-0560-57b7-a689-68b98871eb9d
522e4d60-be0f-5c04-bd46-fcb274c88819,4a6cf708-9818-59e5-9dac-8a10103e17d7,c8f1a314-8f54-5edf-8acb-a4844e7efef9
db6192a8-007e-57f7-afa6-da8b70e6c7a6,50ede61f-eb51-5ebe-be90-41f1717188a9,abc994cc-090e-55b6-8968-909e273c3a73
ba60a089-e111-51a7-86e2-8f4c6f9b5f0a,9cd0f172-1894-5f09-91de-8f321e47c38e,ca531546-5be6-5488-8029-378c912447cb
8aed7734-b50e-5c97-ad63-97719f8cff7d,9cd0f172-1894-5f09-91de-8f321e47c38e,7e9466f7-1940-5d56-ac41-da7ba6f5869e
a8821926-8fe6-5c85-abf0-df7db1979ec8,0a1643b2-fff8-573e-a5af-f2575ccd431d,e894cb8b-477f-5ae4-8257-27d14adacc9c
4ff1c48a-c136-58fa-9ddc-50a4fead3ac3,0a1643b2-fff8-573e-a5af-f2575ccd431d,48989960-dd6d-5b45-b59c-554d93850625
9d920c51-c455-5e32-aa33-54c287f2ad66,0a1643b2-fff8-573e-a5af-f2575ccd431d,a9a0d40e-dd52-5964-80dc-4aaf06ff01df
10c8a6bf-f09c-5116-a24d-dd468a4b9d00,0a1643b2-fff8-573e-a5af-f2575ccd431d,306c53e8-a200-59a5-838b-81acbf7aec46
f77706cd-61ba-5e9b-a1c9-4db55122f713,e51fe116-5b3f-5e37-8844-13f75f128a04,94ca1a5e-7fa8-5e7e-a522-9b9c66ee14fc
6ef83135-e151-5858-a538-96bd32fe1da0,e51fe116-5b3f-5e37-8844-13f75f128a04,603599e0-a987-57de-8def-0bf5234dd3c1
0103713e-c398-58e0-a803-1b0fa171a318,e51fe116-5b3f-5e37-8844-13f75f128a04,b00c438d-c8ff-5a73-8f92-c808133de65e
b336fc9f-4486-5487-973d-f0c112e52b30,da1cf73c-7c33-50a7-89fd-5fd7674a2975,19890105-81dd-55fc-a202-914fbf1e88a1
b68f5a12-631d-565d-9348-d7a676f56a22,da1cf73c-7c33-50a7-89fd-5fd7674a2975,e894cb8b-477f-5ae4-8257-27d14adacc9c
4334d0d2-73d1-5fc8-95f7-1a34ef3f5af0,da1cf73c-7c33-50a7-89fd-5fd7674a2975,dc534895-ea6c-5aba-a151-3f768ea705b4
564e151f-149a-549f-b636-6f5afbdb7a2d,6c329b73-7531-533f-a300-caaa89b57081,19890105-81dd-55fc-a202-914fbf1e88a1
175d429b-e2ac-5123-acaf-7e28d778770d,6c329b73-7531-533f-a300-caaa89b57081,83d1d1d4-83b4-56df-992e-6ab69c4854fb
1cd96a4a-e55e-5f0c-92ee-2294e189a6f6,6c329b73-7531-533f-a300-caaa89b57081,c8f1a314-8f54-5edf-8acb-a4844e7efef9
0ebbc9ff-0cca-59ad-a233-bf023b9dde6c,6c329b73-7531-533f-a300-caaa89b57081,48989960-dd6d-5b45-b59c-554d93850625
275d5b6f-7582-543d-b56b-34012078fc2d,5fd350b4-729f-5a6a-991c-4bf6de446db1,9e1cf261-2b09-5b1a-aaf1-c0c16a508fc4
0d2cf4d7-1b93-56dd-a440-2b706b946ed8,9daec94a-9915-51cb-992f-669ca771a941,45e6102a-0e88-5cfd-9391-0c8e6e473b0e
4840388d-44b9-559d-be57-e3ec14aaafb1,9daec94a-9915-51cb-992f-669ca771a941,83d1d1d4-83b4-56df-992e-6ab69c4854fb
18e8252f-a747-5ed7-86ce-81a7767e32c4,9daec94a-9915-51cb-992f-669ca771a941,dc534895-ea6c-5aba-a151-3f768ea705b4
d6d5dbb0-f20d-5033-bd75-7fa0385a5f93,9daec94a-9915-51cb-992f-669ca771a941,e894cb8b-477f-5ae4-8257-27d14adacc9c
affa70e2-11ad-569a-84d4-fae9536bde59,c4a5d168-7718-56a7-81a7-310962e2aca0,c5ead702-df87-5645-b6b5-a8a0dc857c54
95a815d1-9fbb-5387-84fe-200ec110bce6,c4a5d168-7718-56a7-81a7-310962e2aca0,3db8bf5a-9563-5a7f-898d-ce55b0bfa4bd
15e75146-2f9a-5621-bcd1-598854680eee,0f2a198d-c07b-59db-8228-8e0853305cde,ca531546-5be6-5488-8029-378c912447cb
360732d8-f5ca-5460-8932-6037d0642c90,0f2a198d-c07b-59db-8228-8e0853305cde,306c53e8-a200-59a5-838b-81acbf7aec46
023373b8-c98c-5eca-aa76-0aa2d3af4093,0f2a198d-c07b-59db-8228-8e0853305cde,c8f1a314-8f54-5edf-8acb-a4844e7efef9
1046a92f-8378-58b5-9829-45b314c81858,9373d074-38f0-5687-bc5a-ea6134f7cacc,86b5e9d7-559c-53c6-bb17-5ef61ca99132
0a1e9bb3-5da2-5951-8b56-a1a0b2b4fa22,9373d074-38f0-5687-bc5a-ea6134f7cacc,306c53e8-a200-59a5-838b-81acbf7aec46
56b8eb96-bb83-58dc-b4e4-f0c10a18e75d,9373d074-38f0-5687-bc5a-ea6134f7cacc,ca185479-ee43-560d-9a36-b4db8d98b690
3c948140-4113-5965-a836-e2350042e5c3,9373d074-38f0-5687-bc5a-ea6134f7cacc,34e3f912-a06b-53a3-90aa-c69ee40b4644
36493c43-a04f-530a-8b3a-9ce29648775b,e7308a57-b070-56b4-a8b4-1cb1a04ddc8c,1690bddc-0560-57b7-a689-68b98871eb9d
e363b77c-5807-57e6-8b6e-0c3ed663f3f1,e7308a57-b070-56b4-a8b4-1cb1a04ddc8c,4c292f80-08ab-57f3-8b0d-f77c8d8d3d13
ed196961-b77b-5f02-8be1-c84aa16e4cff,e7308a57-b070-56b4-a8b4-1cb1a04ddc8c,cdbe6d79-0ab7-5c69-91f1-ae6162a8db81
2c836b6f-1b6f-5169-8847-7ae8b39bd80b,e7308a57-b070-56b4-a8b4-1cb1a04ddc8c,48a09340-134f-57c7-8abf-96ddf05ba965
41edb704-496b-5e99-87dc-7406806a6257,5d54ca08-03f8-5abc-b2b0-27ea16e6009d,b00c438d-c8ff-5a73-8f92-c808133de65e
6d78d9a2-28b7-563b-b765-58cc095824a2,f48bad2d-832a-589f-8ecf-a087520b9e6c,e91d7a16-b665-55ef-bbbc-b44f33cf29b0
9b919cfd-a906-5a66-9066-6f28a941ff20,22ecd446-d259-504b-9d2d-fbef7d4b0276,8a1d9754-3fe4-5daa-88b8-7e5b3cd90c94
ba9f793d-a243-544f-bcae-4777d1f76a7e,22ecd446-d259-504b-9d2d-fbef7d4b0276,48989960-dd6d-5b45-b59c-554d93850625
9722e28c-fd41-51c7-92fa-31e14969cdfc,22ecd446-d259-504b-9d2d-fbef7d4b0276,e91d7a16-b665-55ef-bbbc-b44f33cf29b0
f2479807-44ca-5da9-98b3-18f2436f8595,d53303ae-8986-5d3c-897e-b6e79f05cd7b,9bc85402-f37d-53ad-8564-da23e9a0d7c5
9fc197b5-d3db-53d7-a83c-8656b1d08b2d,d53303ae-8986-5d3c-897e-b6e79f05cd7b,b6b7c023-7728-571d-b418-70a85f9fd11e
fe02b956-1aad-5bd5-80a6-15d8d75e5a83,d53303ae-8986-5d3c-897e-b6e79f05cd7b,e91d7a16-b665-55ef-bbbc-b44f33cf29b0
7a0e4979-229e-55f1-8411-af86cbc1c3b4,d53303ae-8986-5d3c-897e-b6e79f05cd7b,abc994cc-090e-55b6-8968-909e273c3a73
0b688374-8047-5a30-9007-d5e7721f083b,a1a412c7-b193-525c-9865-825106d41877,45e6102a-0e88-5cfd-9391-0c8e6e473b0e
7f2bbf53-cd01-58f0-b3f0-524307ddcfab,a1a412c7-b193-525c-9865-825106d41877,306c53e8-a200-59a5-838b-81acbf7aec46
07e5e709-d88a-5ef8-9f51-b56bf38dc579,e40c4bd5-89ce-5182-9a4f-713191d39d38,19890105-81dd-55fc-a202-914fbf1e88a1
9c01d493-0734-51bd-af92-5e2b92e5920d,7ecfaf65-164e-5e75-9eb2-b4fcf11de750,335fbf7d-5fa1-5de1-a470-4b87fa27362e
26e16ef5-f4f2-55f4-8ebc-811eeb21402e,7ecfaf65-164e-5e75-9eb2-b4fcf11de750,19890105-81dd-55fc-a202-914fbf1e88a1
d3f72621-bebe-5920-874a-920e716944db,7ecfaf65-164e-5e75-9eb2-b4fcf11de750,7d41b2eb-98b6-54d5-acbf-d5f4c85b4a8f
e9137fe8-30d5-55ab-8c1c-56fc02942fef,7ecfaf65-164e-5e75-9eb2-b4fcf11de750,ca185479-ee43-560d-9a36-b4db8d98b690
ca75981c-bc3f-59d4-9efd-c6e7d225b3b2,1b21ebaa-afa6-5f5e-94b6-0fd071c1dfee,3cd43d89-ab0b-54ac-811c-1f4bb9b3fab6
2ca9eecd-ae34-5af8-bcee-20ae5a325579,71d1ec94-7068-5b03-aa37-77b9803f36fa,32917232-e65e-5e1a-84e7-a799f8bc6efe
f0946843-3dcd-5cfc-92fb-190cd7737b15,c67893e2-b9ad-51ac-ad1e-7c81f09ddf60,9e1cf261-2b09-5b1a-aaf1-c0c16a508fc4
a2468626-7338-5677-85fb-42262c9dabb8,c67893e2-b9ad-51ac-ad1e-7c81f09ddf60,abc994cc-090e-55b6-8968-909e273c3a73
a723f9d2-c160-5551-91cb-09742b8a88a5,c67893e2-b9ad-51ac-ad1e-7c81f09ddf60,306c53e8-a200-59a5-838b-81acbf7aec46
9cf3ae21-aee8-5849-8531-a035de5a2210,f60914c6-0765-514e-ab4c-50eb31cf8672,e894cb8b-477f-5ae4-8257-27d14adacc9c
df19fcfa-37c3-50a4-b9a5-d76c4f3e2b5c,f60914c6-0765-514e-ab4c-50eb31cf8672,4c292f80-08ab-57f3-8b0d-f77c8d8d3d13
fb9477fd-eb25-5ca5-92e9-7e4d637d5558,a1490ad5-2574-5d0d-a3b4-0f269107f5a1,c8f1a314-8f54-5edf-8acb-a4844e7efef9
180a115e-2879-56c6-95d5-fb4fd4cadce6,ab00ecec-36a3-5509-b5c1-b588f3298f64,3b69d310-feee-5bd1-bd14-3537008ee007
8cf70530-a28d-5ed5-b195-6aa5839a7d41,ab00ecec-36a3-5509-b5c1-b588f3298f64,45e6102a-0e88-5cfd-9391-0c8e6e473b0e
c23f6567-1ecd-5da5-92a7-ab39d6101890,ab00ecec-36a3-5509-b5c1-b588f3298f64,3b69d310-feee-5bd1-bd14-3537008ee007
b89459bc-fba2-5fc3-a6ef-c4c931ef9140,1d4caf1d-ded8-50ba-85b8-7fbd0be27f49,8da2eb1b-2971-57f1-969b-d1988b7d2a5e
a937f617-1c14-5f2c-85d9-fe7a32ee2f7f,14a2f731-9946-586b-81c6-e8bfd1593242,7e9466f7-1940-5d56-ac41-da7ba6f5869e
1741e316-1803-5df6-ba99-f5eb4829e9cf,31a93434-57fb-5e00-99ee-26f6a00d14b2,71cf5f88-701d-55cb-8be2-2a7301bf9cea
a0e5d448-1e46-5f1c-928c-5deaec66542c,31a93434-57fb-5e00-99ee-26f6a00d14b2,d214df20-3876-5bb3-8a25-c83304678010
d6e3512a-6224-5232-932a-b69084e771ba,2184d2eb-5e2f-502d-bbd1-ff61b64c4a23,45e6102a-0e88-5cfd-9391-0c8e6e473b0e
14da5830-c735-51e2-a525-14232cbe4b64,356221fb-43c5-5f26-9882-b6449a0f334b,e063bb16-cc76-558b-9f94-afe212747cda
01cd3780-9404-5ea5-9b4f-3c11a37dc23f,356221fb-43c5-5f26-9882-b6449a0f334b,7a5a92ce-bc8f-5cc4-a9d4-e94b584ffeb9
a5a6c800-53e4-5827-8cee-a77f203ec9ab,8ed161fa-14dd-5faa-87b9-ee936b2436a7,48a09340-134f-57c7-8abf-96ddf05ba965
334ba02f-2354-5ded-b686-6ad03e7a2b46,8ed161fa-14dd-5faa-87b9-ee936b2436a7,a9a0d40e-dd52-5964-80dc-4aaf06ff01df
036b8dbd-951d-50fc-802d-b569f68c15c0,1de10981-4bad-59c2-87de-173ae763682c,7357d28a-a611-5efd-ae6e-a550a5b95487
0d95d054-f706-56ad-9f08-51912870a392,1de10981-4bad-59c2-87de-173ae763682c,ca185479-ee43-560d-9a36-b4db8d98b690
7b180442-f867-5699-a77a-df2d0ab8b87d,98c024f2-2ad6-5a7d-9b39-e9d5816b9113,6e2bd643-73ad-54b7-8eba-db42807e97e8
8f5bd744-1e77-5085-b3c3-de19d25b17d2,98c024f2-2ad6-5a7d-9b39-e9d5816b9113,1690bddc-0560-57b7-a689-68b98871eb9d
00835380-5d9a-5628-be35-096b78683f4c,4f5fdf32-ab7e-59c5-ba5b-9421dc62dfb0,abc994cc-090e-55b6-8968-909e273c3a73
e3cacdaf-48da-5543-9bce-5b176c9df025,d2d6faf6-481d-5b1e-bff4-fcaaa1a86657,7e9466f7-1940-5d56-ac41-da7ba6f5869e
5f2b6bc6-e63a-57be-84ee-409022184701,d2d6faf6-481d-5b1e-bff4-fcaaa1a86657,ca185479-ee43-560d-9a36-b4db8d98b690
3305536f-b07e-53ba-868a-cc22b1c74cda,d2d6faf6-481d-5b1e-bff4-fcaaa1a86657,6e2bd643-73ad-54b7-8eba-db42807e97e8
b0a794d4-358a-57d0-8b58-f4915bf0dfd3,d2d6faf6-481d-5b1e-bff4-fcaaa1a86657,1690bddc-0560-57b7-a689-68b98871eb9d
4963180c-b307-5b26-9820-c2b99fe003fb,fe61420a-95af-5ea1-8eef-11274b821700,83d1d1d4-83b4-56df-992e-6ab69c4854fb
6602bcf7-d2e1-5082-8963-6f284d30b699,c47f8301-44c2-5e75-b149-baeed168ae7c,d214df20-3876-5bb3-8a25-c83304678010
08132e84-7ec6-58a1-b6b7-e7ade64587c5,c47f8301-44c2-5e75-b149-baeed168ae7c,8da2eb1b-2971-57f1-969b-d1988b7d2a5e
48568be6-23a1-5c75-be96-87121f3db953,9ae09c0a-2d7b-5fe7-9a34-9a5e93398967,837ae52f-893f-531e-8101-e9d09e319487
68ed3942-8abe-5088-9f63-f838750c19cd,9ae09c0a-2d7b-5fe7-9a34-9a5e93398967,835da0ea-c4c6-5078-b01d-077ba8c7ad1f
bda8bf62-d18b-5779-80ba-563a9b5b52be,20cb986d-59d7-5aa2-9627-a7664103d069,e894cb8b-477f-5ae4-8257-27d14adacc9c
999bcc4b-f03f-530a-bbbc-56b37768c05f,20cb986d-59d7-5aa2-9627-a7664103d069,dc534895-ea6c-5aba-a151-3f768ea705b4
097bcf77-8920-5f9a-ba0b-abcb8c8a0a9c,20cb986d-59d7-5aa2-9627-a7664103d069,86b5e9d7-559c-53c6-bb17-5ef61ca99132
6c00dc87-e36c-5ef4-bdcf-e2838e2370b0,20cb986d-59d7-5aa2-9627-a7664103d069,7a5a92ce-bc8f-5cc4-a9d4-e94b584ffeb9
6766a8c3-dfc0-5871-a9b5-02adff0179c0,c8b35ee4-9ebc-5188-8292-b6d7aebb2358,ca185479-ee43-560d-9a36-b4db8d98b690
711b2a39-5c9f-5d0d-9134-a32bb69e5571,6d1d4286-c65a-58b9-ae79-560c210662c2,83d1d1d4-83b4-56df-992e-6ab69c4854fb
d35f9e90-cdad-5c1b-b5c8-2e5e5b19a871,6d1d4286-c65a-58b9-ae79-560c210662c2,837ae52f-893f-531e-8101-e9d09e319487
7ff7a74b-2ce9-5f57-89c4-6bb7f3a83613,6d1d4286-c65a-58b9-ae79-560c210662c2,9e1cf261-2b09-5b1a-aaf1-c0c16a508fc4
74204f51-f33c-5b0c-85d7-8707fab6a07c,6d1d4286-c65a-58b9-ae79-560c210662c2,a9a0d40e-dd52-5964-80dc-4aaf06ff01df
21319849-9f9f-58cf-a0fc-5f5455dfb18f,482639a8-557f-587d-9290-44114fa09e6f,306c53e8-a200-59a5-838b-81acbf7aec46
5e238844-0346-53df-9ef0-accb17c6a1b3,482639a8-557f-587d-9290-44114fa09e6f,bd23c8cb-dbf7-5e29-8753-cb55ed7c7678
a3504715-af13-58cc-96d7-55b291ab0753,482639a8-557f-587d-9290-44114fa09e6f,b6b7c023-7728-571d-b418-70a85f9fd11e
2fd515c0-a29c-599e-b05e-ce3215334125,482639a8-557f-587d-9290-44114fa09e6f,7e9466f7-1940-5d56-ac41-da7ba6f5869e
677a6bc9-703a-54b9-8a58-328bc8692fc7,a415d0b8-a5eb-525b-9954-cb77d0155c90,b00c438d-c8ff-5a73-8f92-c808133de65e
82c6c2f6-127c-549a-b30c-4e2aa6e84b43,a415d0b8-a5eb-525b-9954-cb77d0155c90,8a1d9754-3fe4-5daa-88b8-7e5b3cd90c94
35afb3d5-9eb2-5a5f-a8f1-32ed79170fd8,c8eb4b89-721c-59be-99a0-da4f689e7c7b,d214df20-3876-5bb3-8a25-c83304678010
f937453d-78f2-5b2b-825f-2f0f55eceb24,c8eb4b89-721c-59be-99a0-da4f689e7c7b,d8aba7d2-e28d-57a6-917c-e52a155cc2f8
5177ce70-e2eb-5ac1-afcf-e301902a0a25,c8eb4b89-721c-59be-99a0-da4f689e7c7b,182a9010-98df-5974-ba4b-d5f5d1a8f1e6
42b3d811-d94b-5e4a-972f-86d5d07b14ad,867a2285-6048-5968-91cf-4887f038d89f,3cd43d89-ab0b-54ac-811c-1f4bb9b3fab6
6b74a266-bbf6-50f3-8eed-d2dfa00ba853,867a2285-6048-5968-91cf-4887f038d89f,8a1d9754-3fe4-5daa-88b8-7e5b3cd90c94
ffc9d006-b8b3-549b-9224-40bf37b89de2,867a2285-6048-5968-91cf-4887f038d89f,48989960-dd6d-5b45-b59c-554d93850625
8709e951-ee74-5d70-842a-25aedaf6bd95,867a2285-6048-5968-91cf-4887f038d89f,c5ead702-df87-5645-b6b5-a8a0dc857c54
7d672e4f-29ea-5197-aba4-2893bd2c09e0,0e90de1f-df13-5b3f-be35-adc8e07918f8,837ae52f-893f-531e-8101-e9d09e319487
ab8e46d5-a394-5390-996a-0744437b1535,0e90de1f-df13-5b3f-be35-adc8e07918f8,ca531546-5be6-5488-8029-378c912447cb
2aed5ec4-0c72-5064-9f60-8791897f546c,0e90de1f-df13-5b3f-be35-adc8e07918f8,6e2bd643-73ad-54b7-8eba-db42807e97e8
1f5a06c4-45f8-5fcc-9827-24ded3be6fa0,0e90de1f-df13-5b3f-be35-adc8e07918f8,86b5e9d7-559c-53c6-bb17-5ef61ca99132
bbf64258-cb0b-5812-8356-442bf716cae8,72063d8a-7f02-5e04-8499-b2d43ed43b87,603599e0-a987-57de-8def-0bf5234dd3c1
6c4e8fbf-8e84-55b5-8a7e-3f5e23de1940,72063d8a-7f02-5e04-8499-b2d43ed43b87,86b5e9d7-559c-53c6-bb17-5ef61ca99132
4ab015dc-16b5-5602-9ba4-5caf723d5079,72063d8a-7f02-5e04-8499-b2d43ed43b87,182a9010-98df-5974-ba4b-d5f5d1a8f1e6
8126d84d-c0de-58bf-9be3-f72408a9b2cf,72063d8a-7f02-5e04-8499-b2d43ed43b87,306c53e8-a200-59a5-838b-81acbf7aec46
fb2fc5dd-9f56-5929-89d9-df64ebead697,7782bdb2-0efd-51e0-b6b1-160096f06293,c5ead702-df87-5645-b6b5-a8a0dc857c54
ea440c19-71e8-547a-9b49-618a7dbd68b9,7782bdb2-0efd-51e0-b6b1-160096f06293,d214df20-3876-5bb3-8a25-c83304678010
fa12c949-b477-5a7e-af61-9fbc37c6799d,7782bdb2-0efd-51e0-b6b1-160096f06293,ca185479-ee43-560d-9a36-b4db8d98b690
cd958139-c5b6-5f04-b953-244446f28120,7782bdb2-0efd-51e0-b6b1-160096f06293,7e9466f7-1940-5d56-ac41-da7ba6f5869e
6ecd741f-088a-5c0e-97ab-a9efed787aa7,080ced10-c031-522d-abc0-a17d6a7af432,e91d7a16-b665-55ef-bbbc-b44f33cf29b0
25ac70e9-147d-51a5-928c-e93f11ff2f27,2661b5dc-3eed-5b45-8af8-32d0662f7e9f,34e3f912-a06b-53a3-90aa-c69ee40b4644
cc115c57-4a14-5eca-831a-47da0197a9c7,2661b5dc-3eed-5b45-8af8-32d0662f7e9f,837ae52f-893f-531e-8101-e9d09e319487
4c1d40d3-82d3-59ad-9c1a-942967186a40,2661b5dc-3eed-5b45-8af8-32d0662f7e9f,335fbf7d-5fa1-5de1-a470-4b87fa27362e
307d5d87-05f0-5e13-95b3-04140732db5d,472081f8-1008-5fca-9244-8050ddfdc247,48989960-dd6d-5b45-b59c-554d93850625
a51e81a5-31ef-5489-81c2-d4e2980ac8d0,2f77cf77-4747-5386-87a5-01343c74faf5,48a09340-134f-57c7-8abf-96ddf05ba965
4669a7a2-6eb2-5b9c-ae3b-1772d0ee531f,2f77cf77-4747-5386-87a5-01343c74faf5,7d41b2eb-98b6-54d5-acbf-d5f4c85b4a8f
c1f2a665-95ff-5f17-b513-1534ebc2af1e,f47c867a-6f0e-581c-bbf6-3e985c9f6961,7357d28a-a611-5efd-ae6e-a550a5b95487
c9061699-bfcc-52f6-ac15-56e589a022b8,f47c867a-6f0e-581c-bbf6-3e985c9f6961,8a1d9754-3fe4-5daa-88b8-7e5b3cd90c94
8025e94c-6c91-5ccc-af8c-ab82fff646bc,f47c867a-6f0e-581c-bbf6-3e985c9f6961,abc994cc-090e-55b6-8968-909e273c3a73
a4fc4848-c466-5ac7-9b06-3b7c94f5822d,f47c867a-6f0e-581c-bbf6-3e985c9f6961,48a09340-134f-57c7-8abf-96ddf05ba965
62d23d56-ddd4-5ca0-b8cd-04b7403ed395,e129caf7-c48d-5ed9-82c9-668409b2bfc7,4c292f80-08ab-57f3-8b0d-f77c8d8d3d13
d8c44467-6647-53e9-a937-0c968774b3c9,e129caf7-c48d-5ed9-82c9-668409b2bfc7,4796ad9a-96a6-58f4-825f-73ca6e68f9c0
1501b95f-fa78-59a5-a3f0-c86f209b996a,e129caf7-c48d-5ed9-82c9-668409b2bfc7,3d29972d-e1ce-54a7-bc96-13c0d3607a53
21b89c71-e6c3-5519-9e56-86af66bf32e3,ecb4cecc-9db2-5f1d-a540-6172a1e6ffba,48a09340-134f-57c7-8abf-96ddf05ba965
85a40152-ac8f-5148-95bd-7688ae916b7d,448537da-5f45-5cc3-8596-196021f26e57,c5ead702-df87-5645-b6b5-a8a0dc857c54
bde26093-6f77-568f-ab0a-3832295fdbb6,448537da-5f45-5cc3-8596-196021f26e57,7d41b2eb-98b6-54d5-acbf-d5f4c85b4a8f
4322fe60-666b-50cf-bdcb-74b111b2cb44,f42ea80e-3647-5d1a-afda-4248c0dd7f5e,8a1d9754-3fe4-5daa-88b8-7e5b3cd90c94
0286e04a-9311-5b6b-b1ea-8a0e365efeac,f42ea80e-3647-5d1a-afda-4248c0dd7f5e,bd23c8cb-dbf7-5e29-8753-cb55ed7c7678
549cad67-daa1-5fb7-9ae4-dad029b38e43,2ea4690a-2fbb-57c1-8c7a-690df8eec1fa,3b69d310-feee-5bd1-bd14-3537008ee007
bd814cd3-b2e0-5f0a-9ade-9a329aed670c,2ea4690a-2fbb-57c1-8c7a-690df8eec1fa,7a5a92ce-bc8f-5cc4-a9d4-e94b584ffeb9
cc24140e-2442-522e-97ab-0728970d16de,ad024d34-41e1-5a3f-8366-2476c88d07e3,7357d28a-a611-5efd-ae6e-a550a5b95487
1c376ba5-eb0a-596b-b596-bf0f5a0e9aae,ad024d34-41e1-5a3f-8366-2476c88d07e3,ca185479-ee43-560d-9a36-b4db8d98b690
62cdddcd-a30f-5792-a430-5074291860e0,b86d26ca-e58b-52e7-8465-9d375fd05a7d,3db8bf5a-9563-5a7f-898d-ce55b0bfa4bd
2cd6fc79-12ce-5633-925e-58bedc3de066,c101b486-f7b4-5e0a-8673-6f7e8be1763f,e91d7a16-b665-55ef-bbbc-b44f33cf29b0
4f045163-7168-5c0a-a699-a64990817f2d,c101b486-f7b4-5e0a-8673-6f7e8be1763f,9bc85402-f37d-53ad-8564-da23e9a0d7c5
5cd85009-978c-5e70-a924-788950452d26,265866d8-6951-50f4-969b-7ef2aafab5d2,ca185479-ee43-560d-9a36-b4db8d98b690
4cdb68a6-ca03-5032-a438-3e8bf9ebc17c,265866d8-6951-50f4-969b-7ef2aafab5d2,9e1cf261-2b09-5b1a-aaf1-c0c16a508fc4
257136e0-aec5-5181-aaf3-0365258c77c4,0aec4ca7-2c3a-520b-a6d1-61e60dee18af,1690bddc-0560-57b7-a689-68b98871eb9d
9df9a4e0-9e10-5695-8169-97815f6f8eaa,0aec4ca7-2c3a-520b-a6d1-61e60dee18af,9bc85402-f37d-53ad-8564-da23e9a0d7c5
de96acbf-2d54-5b24-852c-294c02e6ad65,0aec4ca7-2c3a-520b-a6d1-61e60dee18af,0cd79fb2-3a6d-5ffe-abb2-55a590940d4f
3f035db7-8ab4-5343-aa93-c352d625c870,0aec4ca7-2c3a-520b-a6d1-61e60dee18af,7d41b2eb-98b6-54d5-acbf-d5f4c85b4a8f
728f473f-6100-5013-ac70-49501021b00c,df94297b-b723-533b-8d4d-a300d457e1e7,d97f74d6-eb6a-5f93-84d4-5f1715396d96
aa34a553-0c78-5a4f-a121-f9797f337656,df94297b-b723-533b-8d4d-a300d457e1e7,306c53e8-a200-59a5-838b-81acbf7aec46
b97bb023-8e5d-53a0-9519-f92e86ed5c7d,df94297b-b723-533b-8d4d-a300d457e1e7,c5ead702-df87-5645-b6b5-a8a0dc857c54
81113ec2-eacd-51d6-890d-0ffc2a10376a,14554e14-0bf2-52b2-8a2f-b43b1f8cc601,c5ead702-df87-5645-b6b5-a8a0dc857c54
771bd39f-9e05-5c75-8f51-99138c2852ab,14554e14-0bf2-52b2-8a2f-b43b1f8cc601,48989960-dd6d-5b45-b59c-554d93850625
f2fbbadc-002c-5bc4-99c3-3a62dbb5dd5f,14554e14-0bf2-52b2-8a2f-b43b1f8cc601,b6b7c023-7728-571d-b418-70a85f9fd11e
5aebbcb2-aa49-5d24-a30b-e725687ea963,5dc324d9-1a77-53f2-8766-a78cc1080f3b,3b69d310-feee-5bd1-bd14-3537008ee007
bc87e259-ee6a-5fde-a960-7e68c6d84fd8,5dc324d9-1a77-53f2-8766-a78cc1080f3b,cdbe6d79-0ab7-5c69-91f1-ae6162a8db81
1e81432f-d603-569c-be8f-759112c3d8ba,5dc324d9-1a77-53f2-8766-a78cc1080f3b,d214df20-3876-5bb3-8a25-c83304678010
894b2eaa-6a20-5bef-bd89-f9c99b2f26b1,4bbfedd5-3263-5bbc-93d3-4fd2a7435868,ca531546-5be6-5488-8029-378c912447cb
caafa9a2-c8b9-5147-b140-4529da8ef24d,8cf25d77-5347-5151-b28b-3ace9d82d1da,48989960-dd6d-5b45-b59c-554d93850625
05bb467b-cb72-5278-908b-f8da7010d349,8cf25d77-5347-5151-b28b-3ace9d82d1da,cdbe6d79-0ab7-5c69-91f1-ae6162a8db81
7a53b7b8-2dcf-58a1-a3c7-cb3d5b684d31,8cf25d77-5347-5151-b28b-3ace9d82d1da,8da2eb1b-2971-57f1-969b-d1988b7d2a5e
e41e340a-c4cb-5ab0-a7b4-f21b17801672,8cf25d77-5347-5151-b28b-3ace9d82d1da,d8aba7d2-e28d-57a6-917c-e52a155cc2f8
a4b76a01-9545-5255-8aa8-d97c506f09aa,559ee91e-6f54-545f-80a3-0dccdd74a4ac,dc534895-ea6c-5aba-a151-3f768ea705b4
f1cc3f76-c78d-56e4-af03-cef54d500912,0da944df-e775-5690-8d65-9d5b4a06f692,d214df20-3876-5bb3-8a25-c83304678010
3b9e08f2-0403-5ec7-8acb-26d35de20d3f,0da944df-e775-5690-8d65-9d5b4a06f692,48a09340-134f-57c7-8abf-96ddf05ba965
ecab93c4-332a-50ea-8490-3ed4d2f0531a,0da944df-e775-5690-8d65-9d5b4a06f692,335fbf7d-5fa1-5de1-a470-4b87fa27362e
78263fde-a4d5-59db-9db4-e84de95cd3ff,5e8d8c92-b0c9-5e4f-9f6a-594314470d7b,b00c438d-c8ff-5a73-8f92-c808133de65e
8cfeb0d9-729b-5dd1-9a49-1c1072d7d4dc,5e8d8c92-b0c9-5e4f-9f6a-594314470d7b,b00c438d-c8ff-5a73-8f92-c808133de65e
1a0ddf62-6e34-5351-adff-2f711148cfc0,216225f1-dfa8-57d8-992b-749e520a8f15,32917232-e65e-5e1a-84e7-a799f8bc6efe
57ca7c29-f060-5d2a-ad7b-e4c12446f9fa,216225f1-dfa8-57d8-992b-749e520a8f15,7d41b2eb-98b6-54d5-acbf-d5f4c85b4a8f
6f31c6a0-6687-550f-b143-65b4e6ade3be,216225f1-dfa8-57d8-992b-749e520a8f15,3b69d310-feee-5bd1-bd14-3537008ee007
988340fd-3861-55ad-9009-3e99ced66658,a8c2cdac-500f-5981-a66e-efc81ddff902,3db8bf5a-9563-5a7f-898d-ce55b0bfa4bd
2f53234a-9c30-5875-9dc5-d11d7b2590fb,a8c2cdac-500f-5981-a66e-efc81ddff902,d97f74d6-eb6a-5f93-84d4-5f1715396d96
8447d8a8-7eaf-5d6e-b8e4-43df07491e10,a8c2cdac-500f-5981-a66e-efc81ddff902,9bc85402-f37d-53ad-8564-da23e9a0d7c5
f9bc9717-a650-5348-bd26-cd95d35f4bbd,deaf42fe-4493-586a-ba05-7e91a243f63c,e91d7a16-b665-55ef-bbbc-b44f33cf29b0
b3406ac8-9d02-5c13-aad9-7c100196e50f,deaf42fe-4493-586a-ba05-7e91a243f63c,306c53e8-a200-59a5-838b-81acbf7aec46
c6c9a5b4-6d77-5906-9fe6-388ac621fa0f,deaf42fe-4493-586a-ba05-7e91a243f63c,34e3f912-a06b-53a3-90aa-c69ee40b4644
b746b113-ea3d-5cb2-ada2-78bb19aa4f56,deaf42fe-4493-586a-ba05-7e91a243f63c,7357d28a-a611-5efd-ae6e-a550a5b95487
d9bfbd4e-0c0b-5cb6-8f33-7dfa09aca1fa,23d14860-9498-56ee-9d50-ddc213ddecf4,b6b7c023-7728-571d-b418-70a85f9fd11e
af01b6c8-1c5e-5e90-af96-6a527f053280,321d492e-6a36-5514-bd67-4711dd77c146,34e3f912-a06b-53a3-90aa-c69ee40b4644
976556ea-e080-5b3a-bd63-031ee719c7c5,321d492e-6a36-5514-bd67-4711dd77c146,9e1cf261-2b09-5b1a-aaf1-c0c16a508fc4
3dc7752a-6425-5823-8136-4d50fcb66fed,5670277e-dd9c-52e0-b304-7aeb6bdfac17,34e3f912-a06b-53a3-90aa-c69ee40b4644
48afa2bf-3de7-5496-8bd8-db13cdc64f6d,5670277e-dd9c-52e0-b304-7aeb6bdfac17,d97f74d6-eb6a-5f93-84d4-5f1715396d96
7df4f21a-624a-5fc0-8165-9d859607e35f,5670277e-dd9c-52e0-b304-7aeb6bdfac17,d214df20-3876-5bb3-8a25-c83304678010
7e449980-8978-5439-9843-f0651a55eed1,5670277e-dd9c-52e0-b304-7aeb6bdfac17,d97f74d6-eb6a-5f93-84d4-5f1715396d96
5371eab2-2100-5915-9194-f0127295bd77,b1be0a9f-cbb7-55eb-9ef4-7269f8e69eca,83d1d1d4-83b4-56df-992e-6ab69c4854fb
43012ab7-e402-5d1a-a587-1485fc1fb151,b1be0a9f-cbb7-55eb-9ef4-7269f8e69eca,182a9010-98df-5974-ba4b-d5f5d1a8f1e6
faf8fb05-f477-5531-9e19-ff481e01090f,b1be0a9f-cbb7-55eb-9ef4-7269f8e69eca,abc994cc-090e-55b6-8968-909e273c3a73
38a27b1a-e1cf-5d4d-a2f9-0fcbf50b7f9b,b1be0a9f-cbb7-55eb-9ef4-7269f8e69eca,48a09340-134f-57c7-8abf-96ddf05ba965
ca500126-c1e0-5613-8dea-43d36cdca4d8,50a87220-7919-574f-9a72-693a53d24c06,d8aba7d2-e28d-57a6-917c-e52a155cc2f8
c751d0d5-1aa9-5460-99b3-97af48407fe8,50a87220-7919-574f-9a72-693a53d24c06,c8f1a314-8f54-5edf-8acb-a4844e7efef9
e66a4cfd-77b7-5eeb-a3fa-0af65829615d,9c6906d1-b977-5686-8553-6e0da2d1cfff,6e2bd643-73ad-54b7-8eba-db42807e97e8
6f57525c-4a0e-53cc-9053-061d912db1c3,9c6906d1-b977-5686-8553-6e0da2d1cfff,603599e0-a987-57de-8def-0bf5234dd3c1
345681d8-38a4-564f-b0e2-4cb987a82a43,9c6906d1-b977-5686-8553-6e0da2d1cfff,4796ad9a-96a6-58f4-825f-73ca6e68f9c0
6844e953-8395-59c7-89c8-d08bfe512c8b,9c6906d1-b977-5686-8553-6e0da2d1cfff,6e2bd643-73ad-54b7-8eba-db42807e97e8
3db8f139-fbf5-5e18-856f-5534677b2c44,65c3c1dc-aa9f-57e6-a305-9e4854ac6deb,0cd79fb2-3a6d-5ffe-abb2-55a590940d4f
7ccafb0c-75cb-58a9-8995-51d6a2017ca9,65c3c1dc-aa9f-57e6-a305-9e4854ac6deb,3b69d310-feee-5bd1-bd14-3537008ee007
c160fa15-0800-556d-a415-77c0290aca39,65c3c1dc-aa9f-57e6-a305-9e4854ac6deb,32917232-e65e-5e1a-84e7-a799f8bc6efe
a5177b1a-e90f-5f3c-b03a-60c42e312574,6c9acb95-28b1-53f3-b194-b8503c0ba19f,19890105-81dd-55fc-a202-914fbf1e88a1
da8cfdf9-1450-5e83-b79b-7f07e7777544,6c9acb95-28b1-53f3-b194-b8503c0ba19f,ca531546-5be6-5488-8029-378c912447cb
e81411ba-0918-576d-ba6a-4347186f5979,6c9acb95-28b1-53f3-b194-b8503c0ba19f,835da0ea-c4c6-5078-b01d-077ba8c7ad1f
8bd3b9c2-acf8-5635-98f7-b8d3ca127065,68e79028-d138-5f55-a3f2-188d2ea586ba,d97f74d6-eb6a-5f93-84d4-5f1715396d96
bcd6f1e3-5a10-564e-b122-3d4dd27f2768,68e79028-d138-5f55-a3f2-188d2ea586ba,7a5a92ce-bc8f-5cc4-a9d4-e94b584ffeb9
9aa07f40-b823-5eed-8cf2-3d39b9626042,68e79028-d138-5f55-a3f2-188d2ea586ba,bd23c8cb-dbf7-5e29-8753-cb55ed7c7678
98bfdec0-d0e3-56a6-bdbf-3e22b08fed58,9cdc0108-54a9-5e98-8980-ca34fa401b18,71cf5f88-701d-55cb-8be2-2a7301bf9cea
2e5a6067-e140-5c5e-9a80-78eee301ae52,9cdc0108-54a9-5e98-8980-ca34fa401b18,83d1d1d4-83b4-56df-992e-6ab69c4854fb
390f029c-f26f-557a-a949-d8186de8af22,9cdc0108-54a9-5e98-8980-ca34fa401b18,d214df20-3876-5bb3-8a25-c83304678010
02e42a85-de39-55c6-bce8-32e89df853ff,238f9786-60be-5e59-b49c-7bba051bd340,e91d7a16-b665-55ef-bbbc-b44f33cf29b0
b5a82f66-3505-5d82-b6de-7c40675f111f,f57916fa-004f-5d6d-bfcd-88ab37231edc,835da0ea-c4c6-5078-b01d-077ba8c7ad1f
92029fc8-37d7-57c7-b5a6-0801900c077b,f57916fa-004f-5d6d-bfcd-88ab37231edc,34e3f912-a06b-53a3-90aa-c69ee40b4644
ef99cb11-0232-5a60-ab39-910af5bcad98,f57916fa-004f-5d6d-bfcd-88ab37231edc,e91d7a16-b665-55ef-bbbc-b44f33cf29b0
3d6f5fff-daa0-5c5c-8965-208b0c028579,78cca17a-9ab9-5129-955e-1d1868f9d867,8a1d9754-3fe4-5daa-88b8-7e5b3cd90c94
4c4820b2-e39d-5932-af10-3aa392c24404,daefd259-0dfc-5ab6-9b19-2b863f838aef,3d29972d-e1ce-54a7-bc96-13c0d3607a53
6c561cbf-4e17-5d21-ab78-90d0feaaad78,daefd259-0dfc-5ab6-9b19-2b863f838aef,45e6102a-0e88-5cfd-9391-0c8e6e473b0e
2f08ee56-6242-551b-b35f-4eab63d9388c,daefd259-0dfc-5ab6-9b19-2b863f838aef,48a09340-134f-57c7-8abf-96ddf05ba965
a2ae8970-496a-5b2f-8f6b-d6269184236c,8f43030d-42c5-5c6e-a9d5-00e93037a0aa,9e1cf261-2b09-5b1a-aaf1-c0c16a508fc4
42dee48d-d1d4-5d63-8e7e-8251fc7caeac,8f43030d-42c5-5c6e-a9d5-00e93037a0aa,7e9466f7-1940-5d56-ac41-da7ba6f5869e
dcd2868a-8d34-51be-a7a4-a0fd7abebd62,8f43030d-42c5-5c6e-a9d5-00e93037a0aa,abc994cc-090e-55b6-8968-909e273c3a73
9a85a9fb-8ac8-523b-a963-368d5b452fa2,5bf6eee8-0fc0-541d-ad9c-d0aa3bc7a6d8,4796ad9a-96a6-58f4-825f-73ca6e68f9c0
ea2b566e-d154-5cfd-a8d6-03f60d444f0a,5bf6eee8-0fc0-541d-ad9c-d0aa3bc7a6d8,8da2eb1b-2971-57f1-969b-d1988b7d2a5e
6d014959-1986-5cc0-bdc1-04392e2ac0db,5bf6eee8-0fc0-541d-ad9c-d0aa3bc7a6d8,7357d28a-a611-5efd-ae6e-a550a5b95487
1f9595ed-ccc3-5bd3-8f43-802ada98e8a0,5bf6eee8-0fc0-541d-ad9c-d0aa3bc7a6d8,d8aba7d2-e28d-57a6-917c-e52a155cc2f8
300d630d-8158-5cbc-ac73-723b082e2d51,57d8a259-e736-5422-b74e-287108555535,7d41b2eb-98b6-54d5-acbf-d5f4c85b4a8f
ba311765-cebb-5f3d-91d9-95e0060db95a,57d8a259-e736-5422-b74e-287108555535,86b5e9d7-559c-53c6-bb17-5ef61ca99132
7f401f12-eeb8-53ea-8db5-9c5965ccd290,57d8a259-e736-5422-b74e-287108555535,e91d7a16-b665-55ef-bbbc-b44f33cf29b0
c6687576-a289-50b2-ab73-24ab2574857c,8526487d-c22e-5a63-a39f-735285f2ae0b,6e2bd643-73ad-54b7-8eba-db42807e97e8
b9c3d1c6-cf41-5046-975c-d6fae16e0be4,8526487d-c22e-5a63-a39f-735285f2ae0b,7e9466f7-1940-5d56-ac41-da7ba6f5869e
0b96c74a-9322-5922-b306-03417920cb0c,8526487d-c22e-5a63-a39f-735285f2ae0b,e894cb8b-477f-5ae4-8257-27d14adacc9c
40310f5e-202c-507d-95a4-bd06cebbcf08,8526487d-c22e-5a63-a39f-735285f2ae0b,dc534895-ea6c-5aba-a151-3f768ea705b4
b759c5f1-9825-51ef-ac8b-530897d64c82,add817e0-489e-5f55-9bf6-c4c6b2307834,32917232-e65e-5e1a-84e7-a799f8bc6efe
a304787f-b276-585e-b9ce-19bfdcd0f554,add817e0-489e-5f55-9bf6-c4c6b2307834,603599e0-a987-57de-8def-0bf5234dd3c1
39cd0c41-6485-56ad-bef5-9d12b37883c6,add817e0-489e-5f55-9bf6-c4c6b2307834,c8f1a314-8f54-5edf-8acb-a4844e7efef9
059df23f-e90d-5bbf-a645-e5cbb756f52c,a008d049-0022-5eb6-94b2-ba335a463f1d,835da0ea-c4c6-5078-b01d-077ba8c7ad1f
a6b3c627-8ebd-5e09-8030-5d0a0d7d0e89,00066904-c12e-522e-abc6-ea4923c12812,0cd79fb2-3a6d-5ffe-abb2-55a590940d4f
18ac9300-f269-52ab-bcf9-8146aaba2946,00066904-c12e-522e-abc6-ea4923c12812,3cd43d89-ab0b-54ac-811c-1f4bb9b3fab6
ffd841f7-ece6-57fa-8fa9-43b17cbb3021,00066904-c12e-522e-abc6-ea4923c12812,cdbe6d79-0ab7-5c69-91f1-ae6162a8db81
2850d8c9-0dbc-55a7-b42f-26a7c1451cd4,00066904-c12e-522e-abc6-ea4923c12812,d214df20-3876-5bb3-8a25-c83304678010
ad168fae-783b-5acb-bc58-93f76ccc3270,8e9fb637-abed-535e-9a95-737f7d74857c,4c292f80-08ab-57f3-8b0d-f77c8d8d3d13
591c2741-5a75-54a9-9910-8c03247fa046,8e9fb637-abed-535e-9a95-737f7d74857c,335fbf7d-5fa1-5de1-a470-4b87fa27362e
f75439b3-b89e-5582-9c19-b9fe03fb72bb,8e9fb637-abed-535e-9a95-737f7d74857c,837ae52f-893f-531e-8101-e9d09e319487
a503c81f-b9f0-5b96-a085-c9735f4814b6,fc467a3c-f8e1-5435-b03b-49cf18085608,9bc85402-f37d-53ad-8564-da23e9a0d7c5
d67d6a7b-d68a-5700-8a29-44b73d57b45b,fc467a3c-f8e1-5435-b03b-49cf18085608,94ca1a5e-7fa8-5e7e-a522-9b9c66ee14fc
f6436af6-9783-543f-b543-00a224f40886,fc467a3c-f8e1-5435-b03b-49cf18085608,48a09340-134f-57c7-8abf-96ddf05ba965
3de18ce6-4475-54db-b27b-3f2e85306d75,fc467a3c-f8e1-5435-b03b-49cf18085608,1690bddc-0560-57b7-a689-68b98871eb9d
bc96360c-b608-58de-bb5c-f8924ed10fd9,df5bab7d-9b81-53af-95e7-63104c4e3c9d,7357d28a-a611-5efd-ae6e-a550a5b95487
9c476a25-7bd5-59b6-ada3-13d60dd022ca,df5bab7d-9b81-53af-95e7-63104c4e3c9d,e063bb16-cc76-558b-9f94-afe212747cda
a66886df-3b3d-544f-962c-50348d8b7a4c,df5bab7d-9b81-53af-95e7-63104c4e3c9d,a9a0d40e-dd52-5964-80dc-4aaf06ff01df
642c6ae8-bb00-5ea0-8dc9-4253192da2ff,df5bab7d-9b81-53af-95e7-63104c4e3c9d,3db8bf5a-9563-5a7f-898d-ce55b0bfa4bd
ae4e9ae0-933f-5339-8a6d-3f2572d95f42,9eb71497-6b25-5dfc-aa74-055800dd1628,83d1d1d4-83b4-56df-992e-6ab69c4854fb
f601f6b4-3d07-586a-af90-bd01a56f18ac,9eb71497-6b25-5dfc-aa74-055800dd1628,71cf5f88-701d-55cb-8be2-2a7301bf9cea
10c0c488-1f24-5c6e-a15e-88fef08dc370,9eb71497-6b25-5dfc-aa74-055800dd1628,ca185479-ee43-560d-9a36-b4db8d98b690
84200964-d4f2-5536-ad04-2a20dd894e62,a5811059-b98c-5ea3-915e-0f4de62bd06f,7a5a92ce-bc8f-5cc4-a9d4-e94b584ffeb9
83632ab6-6352-5427-9715-465596806e5b,a5811059-b98c-5ea3-915e-0f4de62bd06f,b00c438d-c8ff-5a73-8f92-c808133de65e
e431f46c-4fac-53a4-82d7-1335bcbce778,337fb2aa-602b-5b5e-87ab-5263110ae294,4796ad9a-96a6-58f4-825f-73ca6e68f9c0
25201f98-692f-5190-bf56-7b22c3fc4ed8,337fb2aa-602b-5b5e-87ab-5263110ae294,3cd43d89-ab0b-54ac-811c-1f4bb9b3fab6
ffcd1e7c-e995-5319-92fb-3d691f30189f,337fb2aa-602b-5b5e-87ab-5263110ae294,335fbf7d-5fa1-5de1-a470-4b87fa27362e
246dc0d2-fcab-5052-b275-39c7e3c88de4,6fbdf50e-b87e-566d-90fa-6d75f909f086,86b5e9d7-559c-53c6-bb17-5ef61ca99132
c4615091-4e22-56d5-a2ab-89b60684706a,7c6079a0-b304-5cbe-bd32-e7e9dc51ca9b,b00c438d-c8ff-5a73-8f92-c808133de65e
aff5f16f-3df5-5ada-acf3-75c1b24ea680,7c6079a0-b304-5cbe-bd32-e7e9dc51ca9b,3d29972d-e1ce-54a7-bc96-13c0d3607a53
90010057-4440-5f28-9964-f80b182120bd,7c6079a0-b304-5cbe-bd32-e7e9dc51ca9b,835da0ea-c4c6-5078-b01d-077ba8c7ad1f
c9656f95-ccbf-5209-bad0-597dcb5e471e,43e656ab-c84d-5755-83d6-1a9b1b51a6a1,c8f1a314-8f54-5edf-8acb-a4844e7efef9
619d24d8-047f-582b-8bf1-1fe927483fae,43e656ab-c84d-5755-83d6-1a9b1b51a6a1,0cd79fb2-3a6d-5ffe-abb2-55a590940d4f
fbe710f7-15b3-562d-a8a7-e842c098014b,43e656ab-c84d-5755-83d6-1a9b1b51a6a1,bd23c8cb-dbf7-5e29-8753-cb55ed7c7678
a501d168-619a-536a-aeb7-d13006a595d6,43e656ab-c84d-5755-83d6-1a9b1b51a6a1,d97f74d6-eb6a-5f93-84d4-5f1715396d96
6c86b446-1084-5d23-806c-d7b92d4c2170,4163e17b-b9ae-56ea-805d-7ab88aa8190d,b6b7c023-7728-571d-b418-70a85f9fd11e
1fc625d8-e62d-5db6-8e30-64add4ee8e01,4163e17b-b9ae-56ea-805d-7ab88aa8190d,7d41b2eb-98b6-54d5-acbf-d5f4c85b4a8f
b73cc2fc-932b-58e7-8435-9892798e29be,437a1793-278e-58f9-901e-e03cf882cf5d,86b5e9d7-559c-53c6-bb17-5ef61ca99132
25ff7261-9194-50fa-a870-af1cb169f40e,b153e43e-0be1-5895-a5ff-e560c42f0d0d,d214df20-3876-5bb3-8a25-c83304678010
fb38e167-1bc5-5c74-af5b-94a46159979a,b153e43e-0be1-5895-a5ff-e560c42f0d0d,603599e0-a987-57de-8def-0bf5234dd3c1
45998afe-f7cc-5985-be7f-2feabbe6ba5d,b153e43e-0be1-5895-a5ff-e560c42f0d0d,a9a0d40e-dd52-5964-80dc-4aaf06ff01df
ecfcdb18-61ee-5047-8739-0f858fd7a22d,b153e43e-0be1-5895-a5ff-e560c42f0d0d,ca531546-5be6-5488-8029-378c912447cb
1b6ed873-d2cd-5e4e-9fb2-4cad9cfb8b24,dfd05a0c-7059-598a-860a-9310484969b5,603599e0-a987-57de-8def-0bf5234dd3c1
6ec12afe-0c4f-5e19-8f41-b95a4490457a,dfd05a0c-7059-598a-860a-9310484969b5,48a09340-134f-57c7-8abf-96ddf05ba965
672116fb-6edf-5113-9532-9e892fbaf5ba,dfd05a0c-7059-598a-860a-9310484969b5,9e1cf261-2b09-5b1a-aaf1-c0c16a508fc4
c6784a36-8155-54cc-ab01-28cf467f3779,f3ccab7d-fdc3-5cdf-a798-59db2bb07faf,9bc85402-f37d-53ad-8564-da23e9a0d7c5
b6d18344-06b3-54da-9a23-80165a7f6503,f3ccab7d-fdc3-5cdf-a798-59db2bb07faf,7e9466f7-1940-5d56-ac41-da7ba6f5869e
b4cf9232-e002-511d-8b8b-2be566b4559d,f3ccab7d-fdc3-5cdf-a798-59db2bb07faf,7e9466f7-1940-5d56-ac41-da7ba6f5869e
4576e615-056c-52f3-8c8b-51dcd7ac8f7f,c05ccba2-58a2-58fb-8891-46cb19210fd7,e063bb16-cc76-558b-9f94-afe212747cda
67e582f5-6db6-5491-b5c0-bd2658e85368,c05ccba2-58a2-58fb-8891-46cb19210fd7,abc994cc-090e-55b6-8968-909e273c3a73
93fb52f6-4a2c-5793-bd56-35af81fa5961,c05ccba2-58a2-58fb-8891-46cb19210fd7,ca185479-ee43-560d-9a36-b4db8d98b690
162d4430-d0bc-59fb-be7c-69587c6e32b4,f3033690-ac8b-5882-8d30-b28526141eb9,c8f1a314-8f54-5edf-8acb-a4844e7efef9
fbc531e1-d7da-5841-8f95-7b314bdc5df9,8d707edc-fc8a-5ece-b07b-af3d5ae2b4c8,cdbe6d79-0ab7-5c69-91f1-ae6162a8db81
2737ea02-5b0f-5410-b0b1-0ad1b3a5cebc,3649a95e-da06-5666-8168-6902c344cf73,8a1d9754-3fe4-5daa-88b8-7e5b3cd90c94
3b58dde5-f6eb-5937-9ad9-dd4f832799d9,3649a95e-da06-5666-8168-6902c344cf73,94ca1a5e-7fa8-5e7e-a522-9b9c66ee14fc
266b27b2-1f15-5d1f-94d6-334431d27961,3649a95e-da06-5666-8168-6902c344cf73,335fbf7d-5fa1-5de1-a470-4b87fa27362e
31bc13c4-8fba-5005-ab90-e4a0221225f4,bb2ee452-9a89-5f9a-aeeb-dd392297064a,e894cb8b-477f-5ae4-8257-27d14adacc9c
c2ffeb07-3215-561a-904e-c289b3e27e6d,4292a6ca-fcc1-54c4-badf-4f91d953d5f7,d97f74d6-eb6a-5f93-84d4-5f1715396d96
974feeb6-7d7a-5508-bc7c-42f807f0a559,4292a6ca-fcc1-54c4-badf-4f91d953d5f7,dc534895-ea6c-5aba-a151-3f768ea705b4
c9e56833-0019-5739-b66c-561e21d26671,4292a6ca-fcc1-54c4-badf-4f91d953d5f7,3b69d310-feee-5bd1-bd14-3537008ee007
dc64822e-b0f0-5911-bb12-9698003516c7,4292a6ca-fcc1-54c4-badf-4f91d953d5f7,c8f1a314-8f54-5edf-8acb-a4844e7efef9
7bf92514-2423-527c-bb5d-3cbc295febb0,ca9566da-ce53-59f7-a21d-2e92a7d08f08,6e2bd643-73ad-54b7-8eba-db42807e97e8
5a053081-8939-5399-91ed-b9b6a1e4eca3,ca9566da-ce53-59f7-a21d-2e92a7d08f08,d97f74d6-eb6a-5f93-84d4-5f1715396d96
e58942fe-c690-5755-8327-6953a8e891e5,7baf236b-f99a-52bc-9e1a-67033cbd91a6,45e6102a-0e88-5cfd-9391-0c8e6e473b0e
c4689096-10c5-5c9c-8d15-5feca9e3897e,7baf236b-f99a-52bc-9e1a-67033cbd91a6,d214df20-3876-5bb3-8a25-c83304678010
51c6d4a6-6602-5bcf-ba4c-d994a2513205,b190592f-736e-5c0a-bd32-c8bcdbc4161d,3cd43d89-ab0b-54ac-811c-1f4bb9b3fab6
0c258427-77bd-5894-8f36-19e5cfcceccc,94beb2df-d692-58ac-9e8a-cb0d4faea16a,c5ead702-df87-5645-b6b5-a8a0dc857c54
208e4ea8-f978-5454-a585-f6078568f9d8,94beb2df-d692-58ac-9e8a-cb0d4faea16a,837ae52f-893f-531e-8101-e9d09e319487
1e5a83d0-74f0-5dac-98fe-bda6b8c3a710,25eec045-4df6-5cf2-a3d6-85f4372cf0b5,4c292f80-08ab-57f3-8b0d-f77c8d8d3d13
6efcdf23-3ece-59cb-9125-f59fe8affdd4,426dc15a-1cf2-51e7-a9d7-7b940e17c96f,4796ad9a-96a6-58f4-825f-73ca6e68f9c0
c720843c-725a-57c2-b9fa-70ee5e085098,426dc15a-1cf2-51e7-a9d7-7b940e17c96f,86b5e9d7-559c-53c6-bb17-5ef61ca99132
12c0c6ec-cf3e-5c83-a4ae-6810876ee911,426dc15a-1cf2-51e7-a9d7-7b940e17c96f,34e3f912-a06b-53a3-90aa-c69ee40b4644
f7be952a-637f-5ecf-9a37-0880de05e684,426dc15a-1cf2-51e7-a9d7-7b940e17c96f,1690bddc-0560-57b7-a689-68b98871eb9d
9349b61b-9f87-5c31-bef6-49bac2e84126,d186d304-978c-5a34-b7dd-c43cefd2cabc,94ca1a5e-7fa8-5e7e-a522-9b9c66ee14fc
9388269f-6e48-572a-bf40-90521cb18b5c,d186d304-978c-5a34-b7dd-c43cefd2cabc,603599e0-a987-57de-8def-0bf5234dd3c1
baf751e0-9ae5-51c0-bf0c-5a62eaa48c64,d186d304-978c-5a34-b7dd-c43cefd2cabc,3db8bf5a-9563-5a7f-898d-ce55b0bfa4bd
4afaa335-b2fb-5540-8193-df01d54d1a3d,d186d304-978c-5a34-b7dd-c43cefd2cabc,9bc85402-f37d-53ad-8564-da23e9a0d7c5
e36234c6-1aae-5ac3-9ebc-b828e6285093,6959bb72-0bb0-5d80-bc26-d38892544b10,abc994cc-090e-55b6-8968-909e273c3a73
28d603be-9ead-5f81-92dd-b6d007b77b94,4c80a3bd-fa61-5156-a136-2038c625c5f3,32917232-e65e-5e1a-84e7-a799f8bc6efe
fa230942-e40f-53ae-a56f-8b518b2311ae,4c80a3bd-fa61-5156-a136-2038c625c5f3,3cd43d89-ab0b-54ac-811c-1f4bb9b3fab6
b60a593e-1761-5dd1-958f-b590472ab4c0,fbc0933d-8b57-59b1-ace4-37c603f3522f,306c53e8-a200-59a5-838b-81acbf7aec46
db1c95b9-288e-5d97-9748-9366d506f16c,fbc0933d-8b57-59b1-ace4-37c603f3522f,83d1d1d4-83b4-56df-992e-6ab69c4854fb
87dcdfed-3172-5c8c-beca-69789584aa9e,fbc0933d-8b57-59b1-ace4-37c603f3522f,a9a0d40e-dd52-5964-80dc-4aaf06ff01df
cbcdc66d-b074-566a-ba36-16b68b2b0e06,fbc0933d-8b57-59b1-ace4-37c603f3522f,3b69d310-feee-5bd1-bd14-3537008ee007
5921bbb5-0a59-5458-8974-cdc855fa3e86,fee3dddd-771b-5c79-9808-0e1a9147abeb,86b5e9d7-559c-53c6-bb17-5ef61ca99132
036ac67b-72d9-5157-9fd5-e1e79e3b31e3,fee3dddd-771b-5c79-9808-0e1a9147abeb,3b69d310-feee-5bd1-bd14-3537008ee007
f40ac754-201e-5c8d-a739-8ddd2dbdf181,fee3dddd-771b-5c79-9808-0e1a9147abeb,e894cb8b-477f-5ae4-8257-27d14adacc9c
a2fd8d40-1b40-58e6-b4b4-ea85e4f7547c,fee3dddd-771b-5c79-9808-0e1a9147abeb,7a5a92ce-bc8f-5cc4-a9d4-e94b584ffeb9
e960bfa3-f8f4-5e29-8162-0e65096f9116,0581b18e-ce79-5bc3-9abd-caf6806ca89c,71cf5f88-701d-55cb-8be2-2a7301bf9cea
9df86103-db6b-53c0-a523-e64ee572fde8,4aebbd32-f0e9-5b7a-ab9b-c8c64ff1e561,e894cb8b-477f-5ae4-8257-27d14adacc9c
e5bebaed-3354-52eb-8c76-26b20b5dbfec,6b6213c4-72e8-5180-9421-31ff0d6cfdac,837ae52f-893f-531e-8101-e9d09e319487
de1dac0a-1f02-5731-bea0-67419b92af36,8567653d-7e9b-5f09-aaae-5a926dd05c7f,ca185479-ee43-560d-9a36-b4db8d98b690
75e87759-6b48-514e-9d43-f7319e26a7a6,8567653d-7e9b-5f09-aaae-5a926dd05c7f,83d1d1d4-83b4-56df-992e-6ab69c4854fb
4ef45ad0-6416-56b8-bd0a-888afbe6b3a1,47240515-76ae-5ff0-a692-1f545459ed40,cdbe6d79-0ab7-5c69-91f1-ae6162a8db81
2f1bc7b1-49d9-5657-aaea-0e3cee8aee37,b68b046c-2e66-5d5b-b238-6d5b134f00d7,71cf5f88-701d-55cb-8be2-2a7301bf9cea
bbe8029b-ba4c-58a1-a854-98ff2e98136c,b68b046c-2e66-5d5b-b238-6d5b134f00d7,abc994cc-090e-55b6-8968-909e273c3a73
25b3d0be-5476-554c-8a43-c882c95b1b22,b68b046c-2e66-5d5b-b238-6d5b134f00d7,3d29972d-e1ce-54a7-bc96-13c0d3607a53
752facd2-84ae-5bf7-9152-4ad9567a58cd,3f341112-29a0-5294-a573-dbfd02d38c78,4c292f80-08ab-57f3-8b0d-f77c8d8d3d13
c6b01968-c65e-5473-858a-c6964392a796,3f341112-29a0-5294-a573-dbfd02d38c78,0cd79fb2-3a6d-5ffe-abb2-55a590940d4f
46f3f7a9-0409-597a-a8b8-2d60cbff4843,3f341112-29a0-5294-a573-dbfd02d38c78,e063bb16-cc76-558b-9f94-afe212747cda
53aa4246-e15e-532e-8c5b-3b9b3a3f0743,3f341112-29a0-5294-a573-dbfd02d38c78,cdbe6d79-0ab7-5c69-91f1-ae6162a8db81
5adcbb50-867d-57f8-909b-19b32e01f07e,2e829805-0fa2-57f8-bba7-b0d818f07e3f,7e9466f7-1940-5d56-ac41-da7ba6f5869e
009ed05b-97a9-5f84-bf75-af4ad023b693,2e829805-0fa2-57f8-bba7-b0d818f07e3f,bd23c8cb-dbf7-5e29-8753-cb55ed7c7678
b9ef7b31-9ebf-5d4a-943c-7d6e075b26cd,656f509d-125b-5828-b75e-71084a11d23b,3db8bf5a-9563-5a7f-898d-ce55b0bfa4bd
fcb1d7c6-6cfa-56c7-88b1-ca2e33e980dc,b17fb416-7985-556b-93a4-624e3bd5fe22,9e1cf261-2b09-5b1a-aaf1-c0c16a508fc4
dcf99bed-549c-5b2f-9b70-428901db39aa,b22cc153-8dd1-5851-8560-ef5821043cc3,ca531546-5be6-5488-8029-378c912447cb
5bdacd46-ebe3-5124-8468-37cf7b67bb6b,b22cc153-8dd1-5851-8560-ef5821043cc3,6e2bd643-73ad-54b7-8eba-db42807e97e8
d6587822-c508-51bb-87bf-356db8978367,b22cc153-8dd1-5851-8560-ef5821043cc3,a9a0d40e-dd52-5964-80dc-4aaf06ff01df
3a40e318-a8d8-5867-adb0-2f0f8382cc7d,e80db4a4-151f-5928-8454-bde22490b069,3cd43d89-ab0b-54ac-811c-1f4bb9b3fab6
f8a59177-0856-5d82-b47f-054a201f4c4e,e80db4a4-151f-5928-8454-bde22490b069,ca185479-ee43-560d-9a36-b4db8d98b690
c17a611f-2247-58c6-88dc-69960d6e564f,e80db4a4-151f-5928-8454-bde22490b069,a9a0d40e-dd52-5964-80dc-4aaf06ff01df
3cb3c23e-03a3-5b22-adcb-747f76d3108f,0d23c701-f2b2-5376-9807-84a55f974499,b00c438d-c8ff-5a73-8f92-c808133de65e
9f751ea4-014d-578a-ad97-068a2a1b6a51,5406a454-a761-50b9-8daf-ccbe07719c1b,306c53e8-a200-59a5-838b-81acbf7aec46
96db5140-eb4c-5908-bf5e-0b1ecc5aef68,fd623195-7a13-5d74-86f1-f13941a88c95,7e9466f7-1940-5d56-ac41-da7ba6f5869e
b023ad50-36de-5c3c-8890-a37d14430eed,29db674b-944f-57be-af22-f6f8b6ec8e70,cdbe6d79-0ab7-5c69-91f1-ae6162a8db81
50e7662e-8006-538b-a81c-52baac1d35af,29db674b-944f-57be-af22-f6f8b6ec8e70,e91d7a16-b665-55ef-bbbc-b44f33cf29b0
58c1fd30-fa7c-5763-9645-0c387d8719c9,29db674b-944f-57be-af22-f6f8b6ec8e70,cdbe6d79-0ab7-5c69-91f1-ae6162a8db81
90f60577-3a0e-547d-bf38-900cea3a4f97,9437b8b9-4a85-59a2-8da2-d1065f2ce4ca,dc534895-ea6c-5aba-a151-3f768ea705b4
43a5258b-dfc8-595b-a261-fd7e29236a1b,6f79d750-375a-5390-abe2-10d806b13c5d,7e9466f7-1940-5d56-ac41-da7ba6f5869e
0b9b24f3-40e5-5ff6-b1fe-63168237cb98,6f79d750-375a-5390-abe2-10d806b13c5d,0cd79fb2-3a6d-5ffe-abb2-55a590940d4f
8909baa7-c03a-56f0-9b98-12daa7b8baf3,6f79d750-375a-5390-abe2-10d806b13c5d,48a09340-134f-57c7-8abf-96ddf05ba965
164ae5da-c1bb-525d-a492-ae52cc97c0b6,6f79d750-375a-5390-abe2-10d806b13c5d,ca185479-ee43-560d-9a36-b4db8d98b690
17b389ab-ee5b-5473-97ec-c0406b82076b,0cbcc2d1-979c-5e7a-88a1-858a7bea5c17,d8aba7d2-e28d-57a6-917c-e52a155cc2f8
7cd30378-2a29-59dd-a70e-f11b0d26f4a4,0cbcc2d1-979c-5e7a-88a1-858a7bea5c17,837ae52f-893f-531e-8101-e9d09e319487
78219c9b-e1fd-5601-abc7-56d918c68423,0cbcc2d1-979c-5e7a-88a1-858a7bea5c17,83d1d1d4-83b4-56df-992e-6ab69c4854fb
8c618557-69f9-5414-af3c-f8da31a78f72,577541a5-d78d-5379-b8e4-09aee3a5181c,48a09340-134f-57c7-8abf-96ddf05ba965
a6f20d1a-6f36-5775-9372-08a9c40eacfa,577541a5-d78d-5379-b8e4-09aee3a5181c,8a1d9754-3fe4-5daa-88b8-7e5b3cd90c94
7f1ecbd4-f796-52a1-bc4d-322ef6a50c9e,577541a5-d78d-5379-b8e4-09aee3a5181c,71cf5f88-701d-55cb-8be2-2a7301bf9cea
966b1fa1-05db-584c-917f-3a3c6ffca119,9152c7ac-0fe5-5818-8005-55f4539f702e,182a9010-98df-5974-ba4b-d5f5d1a8f1e6
0ef043d8-5408-5b92-86a1-665e23aa1401,31ceb176-5b65-59e4-849d-c3112a6faeb2,dc534895-ea6c-5aba-a151-3f768ea705b4
96d19acc-1974-59da-810b-610c1c3a6748,31ceb176-5b65-59e4-849d-c3112a6faeb2,d8aba7d2-e28d-57a6-917c-e52a155cc2f8
9cc0061f-e3ed-5a1a-9606-e9312eafc6a6,31ceb176-5b65-59e4-849d-c3112a6faeb2,e91d7a16-b665-55ef-bbbc-b44f33cf29b0
c3376594-84ff-52c2-90e0-3589723afdad,4dbe7a09-8b06-551b-a6b5-51bf5faa225b,b6b7c023-7728-571d-b418-70a85f9fd11e
d373cca1-704e-5cc3-865a-c08ad9216896,4dbe7a09-8b06-551b-a6b5-51bf5faa225b,cdbe6d79-0ab7-5c69-91f1-ae6162a8db81
6cd154a9-5cb0-554e-9c66-2ae190719bc4,4dbe7a09-8b06-551b-a6b5-51bf5faa225b,1690bddc-0560-57b7-a689-68b98871eb9d
58215c15-9414-5e9c-be78-17e96ebc3529,4dbe7a09-8b06-551b-a6b5-51bf5faa225b,8da2eb1b-2971-57f1-969b-d1988b7d2a5e
786567ab-a56a-5992-a590-f46b7ed6a915,35b5d23e-debd-50d0-9da5-8f4f252afb07,0cd79fb2-3a6d-5ffe-abb2-55a590940d4f
01ad3f7b-4a7f-5cc3-8eaf-5510e140f47a,35b5d23e-debd-50d0-9da5-8f4f252afb07,335fbf7d-5fa1-5de1-a470-4b87fa27362e
59811735-d6a5-5d40-b553-e9ce01f8c332,35b5d23e-debd-50d0-9da5-8f4f252afb07,182a9010-98df-5974-ba4b-d5f5d1a8f1e6
d4704087-3cd3-5cb1-b7e4-180e627e786f,02f92b2c-8956-525c-bd6e-1c50f67c215f,b00c438d-c8ff-5a73-8f92-c808133de65e
0f93f407-3555-5ee2-929f-c782a0856ae0,02f92b2c-8956-525c-bd6e-1c50f67c215f,182a9010-98df-5974-ba4b-d5f5d1a8f1e6
d9984628-9831-519b-8c02-3a86fdc7de55,f601afe5-6ca8-56ee-90fd-051543b96fb1,ca185479-ee43-560d-9a36-b4db8d98b690
04a1d659-d5d1-5b78-8f89-948a5949e83a,145e1278-84e0-528d-81ba-6b6ca1f21af4,cdbe6d79-0ab7-5c69-91f1-ae6162a8db81
fd0cf6c7-6209-5529-ad34-5d708830dff1,145e1278-84e0-528d-81ba-6b6ca1f21af4,837ae52f-893f-531e-8101-e9d09e319487
2727c530-def5-5899-85b7-550dcc9a7d34,145e1278-84e0-528d-81ba-6b6ca1f21af4,d97f74d6-eb6a-5f93-84d4-5f1715396d96
d04ca370-ff74-5f6b-bf74-1d16f49fc145,145e1278-84e0-528d-81ba-6b6ca1f21af4,4c292f80-08ab-57f3-8b0d-f77c8d8d3d13
4abb5cd0-87fa-5c63-a960-2c8c87e834a3,dc4050d5-8f94-5a01-8016-4692ae68f4a5,71cf5f88-701d-55cb-8be2-2a7301bf9cea
e6f7242c-e9ab-5f08-9b23-0e2ba8d3416b,dc4050d5-8f94-5a01-8016-4692ae68f4a5,83d1d1d4-83b4-56df-992e-6ab69c4854fb
c49a5604-2ccc-527b-8ae8-028e5c258bc4,dc4050d5-8f94-5a01-8016-4692ae68f4a5,e91d7a16-b665-55ef-bbbc-b44f33cf29b0
2a10a795-b797-5ea7-8971-723b68835306,0d3c7431-2f46-53ec-8606-518beffc86e9,3cd43d89-ab0b-54ac-811c-1f4bb9b3fab6
9bb0187a-89f9-53f9-8e40-50e999b9f2a1,0d3c7431-2f46-53ec-8606-518beffc86e9,7357d28a-a611-5efd-ae6e-a550a5b95487
29ed5ba3-2266-5125-b4a2-e6a81413bd4c,0d3c7431-2f46-53ec-8606-518beffc86e9,7a5a92ce-bc8f-5cc4-a9d4-e94b584ffeb9
f8f04256-e16b-51f9-ad0e-03fecb153063,0d3c7431-2f46-53ec-8606-518beffc86e9,34e3f912-a06b-53a3-90aa-c69ee40b4644
febb6e47-4ab9-5e0c-a7de-8a2729b91835,e5a4e723-6fb8-5787-b570-4a0d8f65002f,48989960-dd6d-5b45-b59c-554d93850625
53b3874f-516b-52a6-aca6-4b7b1a0fd7d3,439f697a-d4e5-5fd7-840b-63550bb28e3e,9bc85402-f37d-53ad-8564-da23e9a0d7c5
01e67c1e-8a45-511f-8758-6b1a1ff9746a,439f697a-d4e5-5fd7-840b-63550bb28e3e,48989960-dd6d-5b45-b59c-554d93850625
e88f5a9d-69bf-5074-97f7-bbb838f14cbb,fda4a8cc-e566-59dc-980b-ae6554a20efb,8a1d9754-3fe4-5daa-88b8-7e5b3cd90c94
9a3babb2-4711-51c7-94c1-573639e3ea7e,fda4a8cc-e566-59dc-980b-ae6554a20efb,4796ad9a-96a6-58f4-825f-73ca6e68f9c0
9dad1926-69d5-586f-84ac-8786e21969e0,2538afef-4849-5891-a325-280a613c5a36,603599e0-a987-57de-8def-0bf5234dd3c1
0f21cb61-e14e-5338-859d-11b958b45da8,2538afef-4849-5891-a325-280a613c5a36,c5ead702-df87-5645-b6b5-a8a0dc857c54
a464f63f-a53d-54d7-a490-2d67ee0f89c6,75f5fe44-7053-593d-a240-8b9528ffc2fd,71cf5f88-701d-55cb-8be2-2a7301bf9cea
8b23037f-ad2a-5c28-a2ee-c5015c50f87f,75f5fe44-7053-593d-a240-8b9528ffc2fd,7e9466f7-1940-5d56-ac41-da7ba6f5869e
4c5bb00f-1bb4-5e42-9d95-0be6fdd793d3,75f5fe44-7053-593d-a240-8b9528ffc2fd,7357d28a-a611-5efd-ae6e-a550a5b95487
95709a08-c2cd-5c09-952b-45e1575cd8ff,4f8ef1b5-6bcc-5371-8c29-4e0875a531d8,a9a0d40e-dd52-5964-80dc-4aaf06ff01df
5f877408-24f8-5ee3-9895-2724b755cb3b,4f8ef1b5-6bcc-5371-8c29-4e0875a531d8,3db8bf5a-9563-5a7f-898d-ce55b0bfa4bd
0e958f99-9200-50eb-9765-2ddfb772f473,ffa43b1d-0d10-5883-bdfd-921514e27394,1690bddc-0560-57b7-a689-68b98871eb9d
33c63951-a375-58b5-9dcd-78ff9b97e03b,c721cf7b-e2fc-55ca-90f0-46d8a3d86672,3db8bf5a-9563-5a7f-898d-ce55b0bfa4bd
4d2cb1e1-3547-58b4-b308-0247aab60344,c721cf7b-e2fc-55ca-90f0-46d8a3d86672,1690bddc-0560-57b7-a689-68b98871eb9d
16a8b595-8c86-554e-bd73-6a8310fc491c,c721cf7b-e2fc-55ca-90f0-46d8a3d86672,9e1cf261-2b09-5b1a-aaf1-c0c16a508fc4
2f85b48b-445f-5226-a41c-1dea4e4d00fc,d8d1bef9-ce42-5af9-9c04-fc550a2fe9fb,45e6102a-0e88-5cfd-9391-0c8e6e473b0e
c74369da-e606-55b6-9b26-b7aa468242f8,6e0028a3-2753-59f2-a59f-e404fe9a9f1e,d97f74d6-eb6a-5f93-84d4-5f1715396d96
67a57d2e-949f-5311-b94d-defc9162c921,6e0028a3-2753-59f2-a59f-e404fe9a9f1e,306c53e8-a200-59a5-838b-81acbf7aec46
7e36ee5e-c5f6-56a3-96e6-7669636cf2f9,6e0028a3-2753-59f2-a59f-e404fe9a9f1e,d8aba7d2-e28d-57a6-917c-e52a155cc2f8
3373ce65-21dd-5b7d-a64e-ba32e709503f,260a1874-2495-598f-ac9a-6664aa2bf7b3,dc534895-ea6c-5aba-a151-3f768ea705b4
3601be48-fd6e-53ba-858b-08a143bc84f5,901bc879-8116-5222-aa5d-3f40a47bb5ac,1690bddc-0560-57b7-a689-68b98871eb9d
e3f266f5-9b60-5263-adbf-7cfe0c755bcc,901bc879-8116-5222-aa5d-3f40a47bb5ac,e91d7a16-b665-55ef-bbbc-b44f33cf29b0
749df71f-fa9c-5d2c-8186-5eb52eb62337,901bc879-8116-5222-aa5d-3f40a47bb5ac,bd23c8cb-dbf7-5e29-8753-cb55ed7c7678
7d6b17e7-a6af-5288-bdd2-dc30ba5ccdbc,75a30741-3e8b-55ed-b544-120d83fab5f9,306c53e8-a200-59a5-838b-81acbf7aec46
4ba9f351-ba54-53d6-8341-66b2871d51d8,75a30741-3e8b-55ed-b544-120d83fab5f9,cdbe6d79-0ab7-5c69-91f1-ae6162a8db81
7d42b2eb-89a0-5813-bee2-499cdb73cc0e,75a30741-3e8b-55ed-b544-120d83fab5f9,48989960-dd6d-5b45-b59c-554d93850625
49a9071b-8e43-5b0a-b087-16235930796a,e425f008-fb36-5707-84ed-c1cbe95477e7,9bc85402-f37d-53ad-8564-da23e9a0d7c5
f746560b-7a31-5791-9970-8fb310768397,e425f008-fb36-5707-84ed-c1cbe95477e7,7d41b2eb-98b6-54d5-acbf-d5f4c85b4a8f
141d0354-18af-5d4d-8636-96ac43eedd35,e425f008-fb36-5707-84ed-c1cbe95477e7,b6b7c023-7728-571d-b418-70a85f9fd11e
1d509d9a-3dab-563e-b8d8-b317c94d781b,e425f008-fb36-5707-84ed-c1cbe95477e7,71cf5f88-701d-55cb-8be2-2a7301bf9cea
8801608f-f2c2-52c0-a1f2-8d820cb75985,732bce27-afeb-5aef-81d1-3c351228d091,603599e0-a987-57de-8def-0bf5234dd3c1
97c05147-40a9-58d0-addc-c6630c719924,732bce27-afeb-5aef-81d1-3c351228d091,45e6102a-0e88-5cfd-9391-0c8e6e473b0e
423d1170-ba42-5038-9e49-566996be2f55,732bce27-afeb-5aef-81d1-3c351228d091,4796ad9a-96a6-58f4-825f-73ca6e68f9c0
c99511cc-b301-5c81-825b-7efc76c81bb5,67a4fc62-dcf6-589f-a1bb-c62deb9e13a1,ca531546-5be6-5488-8029-378c912447cb
b237d580-748c-5199-8593-05eae6135f1a,67a4fc62-dcf6-589f-a1bb-c62deb9e13a1,c5ead702-df87-5645-b6b5-a8a0dc857c54
e8b64328-28b5-5361-aba6-34f577759b43,67a4fc62-dcf6-589f-a1bb-c62deb9e13a1,cdbe6d79-0ab7-5c69-91f1-ae6162a8db81
5cde543a-5b61-5e1e-b50d-95618886ada4,427ba315-0d2f-5483-acfa-a96183bfcfd2,6e2bd643-73ad-54b7-8eba-db42807e97e8
ace44b2d-0cdb-56a6-ac6a-dbf5dd6d2613,de00d978-3c4c-57fc-9315-69100061fa6c,86b5e9d7-559c-53c6-bb17-5ef61ca99132
46d4f42a-d6ba-5a4b-b85f-a51a58e78a3f,4cdd34f7-d9ad-5967-b141-e5e41f232c3d,4796ad9a-96a6-58f4-825f-73ca6e68f9c0
8e7848a8-4e50-5858-bd53-8883451c0360,428fc8cc-d042-53d2-9b4e-05aecb06dbe5,7a5a92ce-bc8f-5cc4-a9d4-e94b584ffeb9
dff0b548-8f48-59f7-971c-d01e087ec72f,428fc8cc-d042-53d2-9b4e-05aecb06dbe5,34e3f912-a06b-53a3-90aa-c69ee40b4644
c81b6fef-10f7-5081-8582-fcaac562fb6c,428fc8cc-d042-53d2-9b4e-05aecb06dbe5,d214df20-3876-5bb3-8a25-c83304678010
a404b312-e555-504b-a31c-d2d8f642227b,428fc8cc-d042-53d2-9b4e-05aecb06dbe5,ca185479-ee43-560d-9a36-b4db8d98b690
24de128c-f571-5e6b-9bda-3d3b1a555b6b,25486be2-ebd8-5a7d-b4b9-81b55d991404,48989960-dd6d-5b45-b59c-554d93850625
ee0e9144-e9d5-573b-ac69-565843a5958b,6281f2ce-ec4e-5531-9ce4-51e5c93512a6,4c292f80-08ab-57f3-8b0d-f77c8d8d3d13
90e9e047-547d-5ab8-b137-8215f9b58e5f,6281f2ce-ec4e-5531-9ce4-51e5c93512a6,a9a0d40e-dd52-5964-80dc-4aaf06ff01df
d9165610-5fea-513c-8810-a543ec1af15f,ead09ed8-1c5c-5c87-b1dd-96b3f46868f5,c8f1a314-8f54-5edf-8acb-a4844e7efef9
25f71b77-6aba-53b0-9693-91f99a3b46cf,ead09ed8-1c5c-5c87-b1dd-96b3f46868f5,a9a0d40e-dd52-5964-80dc-4aaf06ff01df
f2be8a48-5676-51a2-9a25-cc5b614216db,ead09ed8-1c5c-5c87-b1dd-96b3f46868f5,d8aba7d2-e28d-57a6-917c-e52a155cc2f8
d7e03054-16a7-5de1-a87c-a94f0dbe522f,ead09ed8-1c5c-5c87-b1dd-96b3f46868f5,d8aba7d2-e28d-57a6-917c-e52a155cc2f8
41757a5a-82f7-5bfa-b9e8-5b3b5ba4c325,bad98d9b-4e91-5923-a954-1c1764c550b7,3cd43d89-ab0b-54ac-811c-1f4bb9b3fab6
1241e998-9579-53fb-af42-1b5ffcf9af1e,bad98d9b-4e91-5923-a954-1c1764c550b7,e063bb16-cc76-558b-9f94-afe212747cda
01731cec-b297-5ac7-ba98-e8844a0bb894,fce8f192-a8e8-55aa-af70-cb23af658d0b,182a9010-98df-5974-ba4b-d5f5d1a8f1e6
b592912a-9ff5-5b2a-86f7-3dd238d73cc9,1e8a3afe-8626-5569-9359-c9f41cb88845,48989960-dd6d-5b45-b59c-554d93850625
0ab4ecbe-5395-5bf1-9418-40bf6e9d2f73,1e8a3afe-8626-5569-9359-c9f41cb88845,32917232-e65e-5e1a-84e7-a799f8bc6efe
3b4cc4a6-25a1-5e39-9566-b25808c3f05c,3549676c-da77-5dd0-b244-ccf44bacc519,ca531546-5be6-5488-8029-378c912447cb
a3c868fb-889b-55de-947a-5047453450aa,4bbd0583-496d-54de-87ec-73c9821a158a,9e1cf261-2b09-5b1a-aaf1-c0c16a508fc4
5dfa1a8d-a8e5-5041-9436-89720bea0d6b,4bbd0583-496d-54de-87ec-73c9821a158a,48989960-dd6d-5b45-b59c-554d93850625
753578b7-02cd-5412-a09a-81f6e5b10b22,4bbd0583-496d-54de-87ec-73c9821a158a,4796ad9a-96a6-58f4-825f-73ca6e68f9c0
5042410f-e54b-5947-8402-c78a3f340398,90be0b72-53e8-5485-972a-1063ebe5cba6,9e1cf261-2b09-5b1a-aaf1-c0c16a508fc4
aa3014b0-b452-524d-b806-c23e7ec18cd4,90be0b72-53e8-5485-972a-1063ebe5cba6,abc994cc-090e-55b6-8968-909e273c3a73
ea0bbb62-5974-5c8d-86af-b2f46d7e6b7e,85a9d2bd-f2df-5c17-a6b7-aa7c5d7c8916,94ca1a5e-7fa8-5e7e-a522-9b9c66ee14fc
6b0d146f-ffa9-51ff-bcba-85204e2d8baf,85a9d2bd-f2df-5c17-a6b7-aa7c5d7c8916,7e9466f7-1940-5d56-ac41-da7ba6f5869e
afc65d54-e975-5d7e-b0e0-abbc7f452da4,a05bec0a-81f5-5448-b44e-a38874c3cf5f,32917232-e65e-5e1a-84e7-a799f8bc6efe
478f8361-436f-50cb-84d7-e7163cbe9a5f,a05bec0a-81f5-5448-b44e-a38874c3cf5f,83d1d1d4-83b4-56df-992e-6ab69c4854fb
