product_uuid,product_id,name,category,description,qr_token
fcc5b1a8-ba84-560e-b6b4-dcafd2e6bb27,415668,Olive oil,extra virgin olive oil,Sainsbury’s extra virgin olive oil (1 L); FR/UK,415668
2f5aaf4d-f290-52b2-ae38-e6cb07f8ba63,5000442007594,olive spray oil,extra virgin olive oil,Frylight olive oil cooking spray,5000442007594
b23b6fc9-9c23-5e6d-bcd7-7db42db4fa00,8002210500204,Filippo Berio Extra Virgin Olive Oil imp,extra virgin olive oil,Filippo Berio extra virgin olive oil (500 ml),8002210500204
5405ddf3-f069-5d01-8c2d-85fc9656e000,4088600391977,Puglian Extra Virgin Oil,extra virgin olive oil,Puglian extra virgin olive oil,4088600391977
a813183b-0597-513e-b963-3f339221a4f1,5031021679253,Extra Virgin Olive Oil,extra virgin olive oil,Extra virgin olive oil (1 L),5031021679253
d422e9a5-6975-5596-aff5-001b831baae3,6191509900671,EXTRA VIRGIN OLIVE OIL,extra virgin olive oil,Terra Delyssa extra virgin olive oil (750 ml),6191509900671
654bce11-3fb7-5f7e-b356-880ca1f8da1f,4061459381702,EXTRA VIRGIN OLIVE OIL,extra virgin olive oil,Extra virgin olive oil,4061459381702
1af5443d-c28c-5c21-b16a-abf2419a836f,5000119511027,Olive Oil,extra virgin olive oil,Olive oil (1 L),5000119511027
eabfe782-d96b-5092-b568-988710c2a215,5000232919953,Napolina Extra Virgin Olive Oil 500Ml,extra virgin olive oil,Napolina extra virgin olive oil (500 ml),5000232919953
92e0d302-ffa7-564f-8e9b-20af711d405f,4056489091745,Olive oil,extra virgin olive oil,Olive oil (1 L),4056489091745
0a15de31-291b-5958-9ae3-df33a8ddc1aa,4056489973010,EXTRA VIRGIN OLIVE OIL,extra virgin olive oil,Extra virgin olive oil (750 ml),4056489973010
3002c67f-58b6-5264-8f3c-a18c781119c3,8410660049769,Extra Virgin Olive Oil,extra virgin olive oil,La Española extra virgin olive oil (1 L),8410660049769
106f6d0c-6738-5d2e-b830-2995d5247f0b,5200101804582,Extra Virgin Olive Oil From Crete,extra virgin olive oil,Extra virgin olive oil from Crete (750 ml),5200101804582
ed34d684-f88b-5d1f-97e1-43270f576238,5000232879677,Olivio Oil,extra virgin olive oil,Blended cooking oil with olive oil,5000232879677
0125daac-d72b-5f25-b5d7-22da72fff972,5051008878592,Organic Extra Virgin Olive Oil,extra virgin olive oil,Organic extra virgin olive oil (500 ml),5051008878592
1f89eb52-0405-5468-83f6-bd7582a34797,3249659,Gala apples,fruit juice,"Loose or prepacked Gala apples; sweet, crisp eating apples.",3249659
d6623382-73e6-5712-90c2-6cb3e6bd5d5f,890000001004,Apple Apple Fruit Blend On The Go,fruit juice,Portable fruit blend snack with apple as the primary ingredient.,890000001004
3b6523f2-cd26-55a7-80b5-8aee6f15197e,3249833,Pink Lady Apples,fruit juice,Pink Lady apples; sweet-tart flavour and crunchy texture.,3249833
636141a5-bbc2-5a05-9b79-0bd2f8028c78,193764,Crunchy Green Apple,fruit juice,Crisp green apple variety intended for fresh eating.,193764
ee3227f0-e29b-5e4e-931d-9e8ac1f5c245,323628,Royal gala apples,fruit juice,"Royal Gala apples; aromatic, sweet flavour and firm bite.",323628
540eefd0-a860-56ff-bc37-a12b34e12f8e,20978365,Granny Smith Apples,fruit juice,"Granny Smith apples; sharp, tangy and very crisp.",20978365
2281aa3b-302b-5b42-95c9-ec1bfe50ae44,3266090,Small Apples 2,fruit juice,Small-sized apples pack; suitable for lunchboxes and snacks.,3266090
1a818840-e58d-5863-a570-867e6940b4f9,20978372,BRITISH BRAEBURN APPLES,fruit juice,British Braeburn apples; sweet with a balanced acidity.,20978372
e623e25e-22bc-5cdf-ba82-310cb8d9c060,55369903004,NO SUGAR ADDED APPLE SNACK,fruit juice,Apple-based snack with no added sugar; ready-to-eat portion.,55369903004
d1aaf5c8-8cb6-5320-a000-aecf428b7a1c,5054781401285,Sweet & Juicy Royal Gala Apples,fruit juice,Sweet and juicy Royal Gala apples; fresh eating apples.,5054781401285
8bdb0aa5-c595-5ae2-a847-a05e932417fc,3255278,Apple Snack Pack,fruit juice,Convenient apple snack pack; portioned for on-the-go.,3255278
e4d6eb7e-1984-594e-afea-fd7a5f396ffc,3315330,Tesco family apples,fruit juice,Family pack of apples (mixed or selected variety) for everyday use.,3315330
78405b39-97ea-53d1-b5fe-530d85d69d40,4335619110335,Instant Coffee Gold,coffee,"Instant Coffee Gold by Bellarom, Lidl, Lidl Bellarom",4335619110335
dddbada0-5761-57c9-902c-b60a13e7d9c2,8445290044853,Decaff Americano,coffee,Decaff Americano by Nescafé Azera,8445290044853
0f4da2d5-6632-56c3-9779-5fc1f808e27d,7613036077514,GOLD BLEND Instant Coffee,coffee,GOLD BLEND Instant Coffee by Nescafé,7613036077514
8ff7461c-f715-50b5-af20-94f94eac627b,5201219046154,Frappe,coffee,"Frappe by Nescafe, Nescafé classic",5201219046154
4a5e0aa7-ba80-502b-aef7-b3c508c3a15d,4056489600596,Bellarom Gold,coffee,Bellarom Gold by Bellarom,4056489600596
c95520f4-65c0-569f-b1d4-8da67cf2d449,4056489234197,Decaffeinated Coffee,coffee,Decaffeinated Coffee,4056489234197
003f4e82-b4e2-5a44-98f2-f1afec956d5f,3046920028363,Excellence 85% Cacao Rich Dark,chocolate,Excellence 85% Cacao Rich Dark by Lindt,3046920028363
f9f68da6-9b15-5435-abb9-6b15107c0f7d,3046920028004,Fine dark chocolate,chocolate,Fine dark chocolate by Lindt,3046920028004
5271b173-1b57-5ace-bb35-4253a712a456,3045140105502,Chocolat au lait,chocolate,Chocolat au lait by Milka,3045140105502
0caebd2f-fcdc-5ed7-81c6-f4c16e982e3c,3046920028721,99% Cocoa / Cacao,chocolate,99% Cocoa / Cacao by Lindt Excellence,3046920028721
fa0f8c2e-a6fe-5906-a148-ae3a1ecf42a9,3046920021043,Noir intense dessert 70%,chocolate,Noir intense dessert 70% by Lindt,3046920021043
fef23aa6-b573-5344-ab81-88eac69e1829,80761761,Kinder bueno White,chocolate,Kinder bueno White by Kinder,80761761
1723325b-fef7-503e-b9d7-846e7c92802b,7622210584724,Dark chocolate,chocolate,Dark chocolate by Green and black,7622210584724
b79bf84a-4cec-5a85-8a73-c88019ba0a54,7622210578464,Organic 70% Dark Chocolate Bar,chocolate,Organic 70% Dark Chocolate Bar by Green & Black's,7622210578464
f4f300ef-b389-5560-bb6e-c3c451b7de68,5900396028167,Matcha,tea,Matcha by Loyd,5900396028167
dca58130-590f-5720-8bf7-275a44323630,5000118047817,Peach Ice Tea,tea,Peach Ice Tea by Lipton,5000118047817
c28fabe1-ef52-5c2b-bed5-17ae0f6fd5b2,9350271000164,kombucha,tea,"kombucha by Remedy, Remedy Drinks, Remedy Kombucha",9350271000164
4a6cf708-9818-59e5-9dac-8a10103e17d7,4056489965923,Kombucha solevita,tea,Kombucha solevita by Solevita,4056489965923
50ede61f-eb51-5ebe-be90-41f1717188a9,70177075101,Lemon & Ginger tea,tea,Lemon & Ginger tea by Twinings,70177075101
f0a9c0bf-ea75-5fd4-b57c-b6e1c64fb10c,5063270101766,Green tea,tea,Green tea by Lipton,5063270101766
9cd0f172-1894-5f09-91de-8f321e47c38e,5060346831008,Harry Bromptons Peach Ice Tea,tea,Harry Bromptons Peach Ice Tea by Harry Bromptons,5060346831008
34bf09a0-b553-5c68-83a0-e6cc2aa62b0a,5010357112061,Yorkshire Tea 80 Tea Bags,tea,Yorkshire Tea 80 Tea Bags by Taylors of Harrogate,5010357112061
0a1643b2-fff8-573e-a5af-f2575ccd431d,5060512670943,Apple & Elderflower Organic Kombucha,tea,Apple & Elderflower Organic Kombucha by Hip Pop,5060512670943
45cbbf5f-794d-5bd9-8dbb-0d6872239325,5023762000137,Juicy Oranges Whole Fruit Squash,fruit juice,Juicy Oranges Whole Fruit Squash by Rocks,5023762000137
a69a1bd6-2f15-5964-8de3-a83f35b40078,4056489126669,Apfelsaft aus Apfelsaftkonzentrat,fruit juice,Apfelsaft aus Apfelsaftkonzentrat by Naturis,4056489126669
dc22a7e0-4d32-58af-b6dd-d2c1f8bb412e,4056489181415,Organic Ginger Turmeric Shot,fruit juice,"Organic Ginger Turmeric Shot by Solevita, Lidl",4056489181415
e51fe116-5b3f-5e37-8844-13f75f128a04,5449000227409,100% Apple Juice,fruit juice,100% Apple Juice by Appletiser,5449000227409
da1cf73c-7c33-50a7-89fd-5fd7674a2975,4056489009412,Jus de citron vert,fruit juice,"Jus de citron vert by Lidl,Solevita",4056489009412
0ffc06bd-a24e-5806-8739-f931ffaa9fac,5010102115491,Double Concentrate Apple & Blackcurrant Squash No Added Sugar,fruit juice,Double Concentrate Apple & Blackcurrant Squash No Added Sugar by Robinsons,5010102115491
7e0cbcca-70b5-5f88-9534-4bb416b8c23a,5023762000632,Tasty Summer Fruits,fruit juice,Tasty Summer Fruits by Rocks,5023762000632
6c329b73-7531-533f-a300-caaa89b57081,5054267003378,Blackcurrant Squash,fruit juice,Blackcurrant Squash by Ribena,5054267003378
5fd350b4-729f-5a6a-991c-4bf6de446db1,5010102245143,Double Strength Apple And Blackcurrent,fruit juice,Double Strength Apple And Blackcurrent by Robinsons,5010102245143
9daec94a-9915-51cb-992f-669ca771a941,5011273040698,runny honey,honey,runny honey by Rowse,5011273040698
b90ac73f-5ca6-573c-9cfb-b26dbd00a3d3,5052909732600,Clear Honey,honey,Clear Honey by Tesco,5052909732600
c4a5d168-7718-56a7-81a7-310962e2aca0,5011273040339,Organic Honey,honey,Organic Honey by Rowse,5011273040339
961972d1-bc00-5f20-a63f-246f7293f2be,5060298571250,Blossom Honey,honey,Blossom Honey by Hilltop,5060298571250
0f2a198d-c07b-59db-8228-8e0853305cde,4056489710066,Runny honey,honey,Runny honey by Maribel,4056489710066
0d60e6a4-e959-5c3e-9cfb-22e204929744,5060298572431,Blossom Honey,honey,Blossom Honey by Hilltop,5060298572431
9373d074-38f0-5687-bc5a-ea6134f7cacc,4088600020280,Squeezy Honey,honey,Squeezy Honey by GRANDESSA,4088600020280
e7308a57-b070-56b4-a8b4-1cb1a04ddc8c,5011273024650,Runny Honey,honey,Runny Honey by Rowse,5011273024650
5d54ca08-03f8-5abc-b2b0-27ea16e6009d,4056489519928,Manuka Honey,honey,Manuka Honey by Lidl,4056489519928
65900a67-9ec2-5bf6-9dd1-babae5f7faa9,1789621,Runny Honey,honey,Runny Honey by Sainsbury's,1789621
a18bacfc-19ac-5525-a85c-65870082cf1d,4056489307020,Clear Honey,honey,Clear Honey by Lidl,4056489307020
f48bad2d-832a-589f-8ecf-a087520b9e6c,5057545952931,Clear Honey,honey,Clear Honey by Tesco,5057545952931
22ecd446-d259-504b-9d2d-fbef7d4b0276,8076802085981,Fusilli 98,pasta & rice,Fusilli 98 by Barilla,8076802085981
d53303ae-8986-5d3c-897e-b6e79f05cd7b,8076809545440,Spaghetti Senza Glutine,pasta & rice,Spaghetti Senza Glutine by Barilla,8076809545440
a1a412c7-b193-525c-9865-825106d41877,8008343201179,gnocchi di patate,pasta & rice,gnocchi di patate by Rummo,8008343201179
e40c4bd5-89ce-5182-9a4f-713191d39d38,8001250120342,Fusilli No. 34,pasta & rice,Fusilli No. 34 by DE CECCO,8001250120342
7ecfaf65-164e-5e75-9eb2-b4fcf11de750,8801073110502,Artificial Spicy Chicken Flavor Stir-Fried Ramen,pasta & rice,Artificial Spicy Chicken Flavor Stir-Fried Ramen by Buldak,8801073110502
1b21ebaa-afa6-5f5e-94b6-0fd071c1dfee,3159470000120,CORN FLAKES,bread & cereals,CORN FLAKES by Kellogg's,3159470000120
71d1ec94-7068-5b03-aa37-77b9803f36fa,5010477348630,"Muesli bio 36% fruits, noix & graines",bread & cereals,"Muesli bio 36% fruits, noix & graines by Jordans",5010477348630
c67893e2-b9ad-51ac-ad1e-7c81f09ddf60,5010029229110,Crispy Minis Choco,bread & cereals,Crispy Minis Choco by Weetabix,5010029229110
f60914c6-0765-514e-ab4c-50eb31cf8672,8402001010873,Muesli Crunchy,bread & cereals,Muesli Crunchy by Hacendado,8402001010873
a1490ad5-2574-5d0d-a3b4-0f269107f5a1,5010029000016,Weetabix,bread & cereals,Weetabix by Weetabix,5010029000016
334107c1-80d7-5332-9942-e975b4f1de5a,5010029000801,Weetabix,bread & cereals,Weetabix by Weetabix,5010029000801
ab00ecec-36a3-5509-b5c1-b588f3298f64,5059319030517,kelloggs corn flakes,bread & cereals,kelloggs corn flakes by Kelloggs,5059319030517
1d4caf1d-ded8-50ba-85b8-7fbd0be27f49,5053827101424,Smacks,bread & cereals,"Smacks by Kellogg's, Smacks",5053827101424
14a2f731-9946-586b-81c6-e8bfd1593242,7622201693916,Full fat soft cheese,dairy,Full fat soft cheese by PHILADELPHIA,7622201693916
31a93434-57fb-5e00-99ee-26f6a00d14b2,20994945,Natural Cottage Cheese,dairy,Natural Cottage Cheese by Milbona,20994945
2184d2eb-5e2f-502d-bbd1-ff61b64c4a23,3175460000017,Full Fat Soft Cheese with Garlic & Herbs,dairy,Full Fat Soft Cheese with Garlic & Herbs by Boursin,3175460000017
27eccc03-c587-502a-be5a-5a5d4aa35b54,7622201695521,Original Philadelphia,dairy,Original Philadelphia by Philadelphia,7622201695521
d2e81760-8058-54d8-a4ca-a7d48d9e39ad,5202390020407,Greek White panetto,dairy,Greek White panetto by Violife,5202390020407
356221fb-43c5-5f26-9882-b6449a0f334b,8000430135268,Galbani mozzarella - maxi 250g,dairy,Galbani mozzarella - maxi 250g by Galbani,8000430135268
8ed161fa-14dd-5faa-87b9-ee936b2436a7,8000430132267,Mozzarella mini,dairy,Mozzarella mini by Galbani,8000430132267
1de10981-4bad-59c2-87de-173ae763682c,5057967395132,SOFT CHEESE,dairy,SOFT CHEESE by TESCO,5057967395132
98c024f2-2ad6-5a7d-9b39-e9d5816b9113,20103286,Goldessa Original Cheese spread creamy,dairy,Goldessa Original Cheese spread creamy by Milbona,20103286
4f5fdf32-ab7e-59c5-ba5b-9421dc62dfb0,5000295142893,Our Mature Cheddar,dairy,Our Mature Cheddar by Cathedral City,5000295142893
d2d6faf6-481d-5b1e-bff4-fcaaa1a86657,5010482954727,Salt & Pepper Chicken with Rice,meat & poultry,Salt & Pepper Chicken with Rice by Myprotein,5010482954727
275cf7a2-34dd-54d2-b19e-e0eeb8a8de24,29493395,Nutrient Dense Romesco Chicken,meat & poultry,Nutrient Dense Romesco Chicken by M&S,29493395
4363a876-7947-5455-9b17-3721487a1d9e,5000157024761,Tesco British Chicken Breast Fillets,meat & poultry,Tesco British Chicken Breast Fillets by Tesco,5000157024761
fe61420a-95af-5ea1-8eef-11274b821700,5051007049935,Sainsbury's British Chicken Thighs,meat & poultry,Sainsbury's British Chicken Thighs by Sainsbury's,5051007049935
dd2135d9-113f-58a1-a4ad-39e10794103b,5000393700019,Waitrose British Beef Mince 500g,meat & poultry,Waitrose British Beef Mince 500g by Waitrose,5000393700019
c47f8301-44c2-5e75-b149-baeed168ae7c,5000436396015,Asda British Pork Sausages,meat & poultry,Asda British Pork Sausages by Asda,5000436396015
9ae09c0a-2d7b-5fe7-9a34-9a5e93398967,5010251082116,M&S British Turkey Breast Slices,meat & poultry,M&S British Turkey Breast Slices by M&S,5010251082116
20cb986d-59d7-5aa2-9627-a7664103d069,5051007026936,Sainsbury's Aberdeen Angus Beef Burger,meat & poultry,Sainsbury's Aberdeen Angus Beef Burger by Sainsbury's,5051007026936
c8b35ee4-9ebc-5188-8292-b6d7aebb2358,5000157047067,Tesco British Diced Lamb Shoulder,meat & poultry,Tesco British Diced Lamb Shoulder by Tesco,5000157047067
6d1d4286-c65a-58b9-ae79-560c210662c2,5000436098521,Asda Smoked Back Bacon Rashers,meat & poultry,Asda Smoked Back Bacon Rashers by Asda,5000436098521
107a5329-e4b0-5c80-9dd1-b16990bc3298,3019081238650,Sardines huile d'olives et piment,fish & seafood,Sardines huile d'olives et piment by Parmentier,3019081238650
482639a8-557f-587d-9290-44114fa09e6f,5060088700082,Peanut Butter Protein Bars,fish & seafood,Peanut Butter Protein Bars by nakd,5060088700082
a415d0b8-a5eb-525b-9954-cb77d0155c90,5000116111978,Fish fingers,fish & seafood,Fish fingers by Birds Eye,5000116111978
c8eb4b89-721c-59be-99a0-da4f689e7c7b,8004030026018,"Rio mare salatuna mexico style with red beans, corn and peppers",fish & seafood,"Rio mare salatuna mexico style with red beans, corn and peppers by RIO mare",8004030026018
867a2285-6048-5968-91cf-4887f038d89f,5000116111947,Cod Fish Fingers,fish & seafood,Cod Fish Fingers by Birds Eye,5000116111947
0e90de1f-df13-5b3f-be35-adc8e07918f8,8004030022010,Light Tuna Salad,fish & seafood,Light Tuna Salad by RIO mare,8004030022010
72063d8a-7f02-5e04-8499-b2d43ed43b87,4056489350804,Skinless & Boneless Mackerel Fillets In Tomato Sauce,fish & seafood,Skinless & Boneless Mackerel Fillets In Tomato Sauce by Nixe,4056489350804
7782bdb2-0efd-51e0-b6b1-160096f06293,3254474018635,Coeurs de palmiers,canned goods,Coeurs de palmiers by Géant Vert,3254474018635
080ced10-c031-522d-abc0-a17d6a7af432,8000320010118,Rosii Cirio Diced Tomatoes,canned goods,"Rosii Cirio Diced Tomatoes by Cirio, Cirio La polpa rustica",8000320010118
2661b5dc-3eed-5b45-8af8-32d0662f7e9f,5012818160154,Chopped Garlic,canned goods,Chopped Garlic by Very Lazy,5012818160154
472081f8-1008-5fca-9244-8050ddfdc247,5060336505209,Small chunk pickle,canned goods,Small chunk pickle by Branston,5060336505209
2f77cf77-4747-5386-87a5-01343c74faf5,5031021164032,Italian Chopped Tomatoes,canned goods,Italian Chopped Tomatoes by Tesco,5031021164032
f47c867a-6f0e-581c-bbf6-3e985c9f6961,1268423,Italian Chopped Tomatoes in tomato juice,canned goods,Italian Chopped Tomatoes in tomato juice by Sainsbury's,1268423
e129caf7-c48d-5ed9-82c9-668409b2bfc7,20164072,Chopped Tomatoes,canned goods,Chopped Tomatoes by Simply,20164072
a7aa433e-a714-5598-94bb-045757fc9a0f,5000232901422,Batchelors : Mushy Original,canned goods,Batchelors : Mushy Original by Batchelors,5000232901422
ecb4cecc-9db2-5f1d-a540-6172a1e6ffba,20047238,Nussmix,nuts & seeds,Nussmix by Alesto Selection,20047238
448537da-5f45-5cc3-8596-196021f26e57,4056489682677,Pecan Nuts natural,nuts & seeds,Pecan Nuts natural by Alesto Selection,4056489682677
50d82bef-3fac-55eb-920d-29a7a16e6d90,20202392,Brazil Nuts,nuts & seeds,"Brazil Nuts by Alesto, Lidl, Lidl Alesto",20202392
f42ea80e-3647-5d1a-afda-4248c0dd7f5e,5018357012497,simply nutty muesli,nuts & seeds,simply nutty muesli by dorset cereals,5018357012497
340c9e77-10e7-5df2-9932-41d6d5bc8841,4335619014480,Californian Pistachios roasred & salted,nuts & seeds,"Californian Pistachios roasred & salted by Alesto,Lidl",4335619014480
2ea4690a-2fbb-57c1-8c7a-690df8eec1fa,4056489104230,Cashews roasted & salted,nuts & seeds,Cashews roasted & salted by Alesto,4056489104230
ad024d34-41e1-5a3f-8366-2476c88d07e3,8715700407760,Tomato Ketchup BIO,condiments,Tomato Ketchup BIO by Heinz,8715700407760
b86d26ca-e58b-52e7-8465-9d375fd05a7d,8715035110106,Sojasauce,condiments,Sojasauce by Kikkoman,8715035110106
c101b486-f7b4-5e0a-8673-6f7e8be1763f,87157215,Tomato Ketchup,condiments,Tomato Ketchup by Heinz,87157215
265866d8-6951-50f4-969b-7ef2aafab5d2,8715035110304,Soy Sauce,condiments,Soy Sauce by Kikkoman,8715035110304
0aec4ca7-2c3a-520b-a6d1-61e60dee18af,8005110517006,Pastasaus m/Basilikum,condiments,"Pastasaus m/Basilikum by Mutti, Oluf lorentzen as",8005110517006
df94297b-b723-533b-8d4d-a300d457e1e7,8715035130104,Salsa di Soia,condiments,Salsa di Soia by Kikkoman,8715035130104
14554e14-0bf2-52b2-8a2f-b43b1f8cc601,50457243,Heinz Ketchup,condiments,Heinz Ketchup by Heinz,50457243
5dc324d9-1a77-53f2-8766-a78cc1080f3b,50457236,Tomato Ketchup,condiments,Tomato Ketchup by Heinz,50457236
4bbfedd5-3263-5bbc-93d3-4fd2a7435868,80042563,Passierte Tomaten im Glas,condiments,Passierte Tomaten im Glas by Mutti,80042563
8cf25d77-5347-5151-b28b-3ace9d82d1da,11210697003,Sriracha Sauce,condiments,Sriracha hot chilli sauce,11210697003
559ee91e-6f54-545f-80a3-0dccdd74a4ac,3045320094008,Strawberry Jam,jams & spreads,Strawberry Jam by Bonne Maman,3045320094008
0da944df-e775-5690-8d65-9d5b4a06f692,3045320094084,Raspberry Conserve,jams & spreads,Raspberry Conserve by Bonne Maman,3045320094084
5e8d8c92-b0c9-5e4f-9f6a-594314470d7b,1103086260005,"Lingonberry jam, organic",jams & spreads,"Lingonberry jam, organic by IKEA",1103086260005
bf82b2c1-a10d-5cdf-b5e1-8bfc0c7c61bc,5014271390420,St Dalfour Mermelada de Frambuesa,jams & spreads,St Dalfour Mermelada de Frambuesa by ST DALFOUR,5014271390420
216225f1-dfa8-57d8-992b-749e520a8f15,3045320094015,Bonne Maman Strawberry And Wild Strawberry 370G,jams & spreads,Bonne Maman Strawberry And Wild Strawberry 370G by Bonne Maman,3045320094015
a8c2cdac-500f-5981-a66e-efc81ddff902,3045320094053,Bitter Orange Fine Sliced Marmalade,jams & spreads,Bitter Orange Fine Sliced Marmalade by Bonne Maman,3045320094053
deaf42fe-4493-586a-ba05-7e91a243f63c,4006424022365,stute no sugar added strawberry extra jam imp,jams & spreads,stute no sugar added strawberry extra jam imp by Stute,4006424022365
23d14860-9498-56ee-9d50-ddc213ddecf4,3560071495749,Confiture extra figues de Provence,jams & spreads,"Confiture extra figues de Provence by Carrefour, Reflets de France",3560071495749
321d492e-6a36-5514-bd67-4711dd77c146,4335619020979,Erdbeere Frucht-Aufstrich,jams & spreads,Erdbeere Frucht-Aufstrich by Lidl Preferred Selection,4335619020979
5670277e-dd9c-52e0-b304-7aeb6bdfac17,4088600090849,Classic Strawberry,jams & spreads,Classic Strawberry by Aldi,4088600090849
b1be0a9f-cbb7-55eb-9ef4-7269f8e69eca,5065008402114,Strawberry Jam,jams & spreads,Strawberry Jam by Fearne & Rosie,5065008402114
50a87220-7919-574f-9a72-693a53d24c06,3045320094022,Apricot Jam,jams & spreads,Apricot Jam by Bonne Maman,3045320094022
9c6906d1-b977-5686-8553-6e0da2d1cfff,20068196,Mexican Style Stir Fry Veg Mix,frozen vegetables,Mexican Style Stir Fry Veg Mix by Freshona,20068196
5942796e-186e-5121-b613-138f5f460455,5060419860003,Riced Cauliflower,frozen vegetables,"Riced Cauliflower by Fullgreen, Waitrose",5060419860003
65c3c1dc-aa9f-57e6-a305-9e4854ac6deb,5053947703836,Sweet potato fries,frozen vegetables,Sweet potato fries by Tesco,5053947703836
d2dea250-c2c1-5d51-bf16-b3e569ba23ae,5010228005218,LIGHTLY SPICED WEDGES,frozen vegetables,LIGHTLY SPICED WEDGES by McCain,5010228005218
6c9acb95-28b1-53f3-b194-b8503c0ba19f,4056489008248,BRITISH GARDEN PEAS,frozen vegetables,BRITISH GARDEN PEAS by Freshona,4056489008248
68e79028-d138-5f55-a3f2-188d2ea586ba,5000116107803,Steamfresh Family Favourite Mix,frozen vegetables,Steamfresh Family Favourite Mix by BirdsEye,5000116107803
9cdc0108-54a9-5e98-8980-ca34fa401b18,4056489749981,Country mixed vegetables,frozen vegetables,"Country mixed vegetables by Lidl, Freshona",4056489749981
238f9786-60be-5e59-b49c-7bba051bd340,20625511,Freshly frozen mixed vegetables,frozen vegetables,Freshly frozen mixed vegetables by Freshona,20625511
f57916fa-004f-5d6d-bfcd-88ab37231edc,5053526955151,Broccoli Florets,frozen vegetables,Broccoli Florets by Tesco,5053526955151
78cca17a-9ab9-5129-955e-1d1868f9d867,1689532,Cauliflower Cheese,frozen vegetables,Cauliflower Cheese by Sainsbury's,1689532
daefd259-0dfc-5ab6-9b19-2b863f838aef,5000116128846,Steam fresh,frozen vegetables,Steam fresh by Birds Eye,5000116128846
8f43030d-42c5-5c6e-a9d5-00e93037a0aa,5449000054227,Cocacola original taste,soft drinks,Cocacola original taste by Coca-Cola,5449000054227
5bf6eee8-0fc0-541d-ad9c-d0aa3bc7a6d8,5449000000439,Coca Cola Original taste,soft drinks,Coca Cola Original taste by Coca-Cola,5449000000439
57d8a259-e736-5422-b74e-287108555535,5449000131805,Coca-Cola Zero Sugar,soft drinks,Coca-Cola Zero Sugar by Coca-Cola,5449000131805
8526487d-c22e-5a63-a39f-735285f2ae0b,54491472,Original Taste,soft drinks,Original Taste by Coca-Cola,54491472
add817e0-489e-5f55-9bf6-c4c6b2307834,90162602,Red bull energy drink,soft drinks,Red bull energy drink by Red Bull,90162602
ce9d2b2c-f82a-5271-a442-d26b778a8367,3502110009357,Pepsi Max,soft drinks,"Pepsi Max by Pepsi zero, PepsiCo, Pepsi, Pepsi Max",3502110009357
a008d049-0022-5eb6-94b2-ba335a463f1d,5449000011527,fanta Orange,soft drinks,"fanta Orange by Fanta,The Coca-Cola Company,Coca-Cola",5449000011527
00066904-c12e-522e-abc6-ea4923c12812,40822938,"Fanta 0,5",soft drinks,"Fanta 0,5 by Fanta",40822938
8e9fb637-abed-535e-9a95-737f7d74857c,9414416305528,Villa Maria Sauvignon Blanc 2019,wine,Villa Maria Sauvignon Blanc 2019 by Villa maria,9414416305528
cc00b4f5-2b50-54e1-bfb7-1f172cd95b0b,20133177,2014,wine,2014 by St emilion grand cru,20133177
fc467a3c-f8e1-5435-b03b-49cf18085608,3296180005394,Recolte Rose Wine,wine,Recolte Rose Wine by La Vieille Fetme,3296180005394
df5bab7d-9b81-53af-95e7-63104c4e3c9d,5000232158017,wild pacific red salmon,wine,wild pacific red salmon by Princes,5000232158017
9eb71497-6b25-5dfc-aa74-055800dd1628,9311220004343,Red Blend from Australia,wine,Red Blend from Australia by 19 Crimes,9311220004343
cbc7173f-3b0f-5842-86c4-aaf746874c41,18341751109,Barefoot Merlot California,wine,Barefoot Merlot California by Barefoot,18341751109
3bf43943-ff79-56c0-808d-e1af804c213a,9322214006229,Yellow Tail Shiraz,wine,Yellow Tail Shiraz by yellow tail crafted by the Casella Family,9322214006229
a5811059-b98c-5ea3-915e-0f4de62bd06f,7790240072808,Trapiche Roble,wine,Trapiche Roble,7790240072808
337fb2aa-602b-5b5e-87ab-5263110ae294,85000017746,Red Wine,wine,Red Wine,85000017746
6fbdf50e-b87e-566d-90fa-6d75f909f086,8008440214065,NON-ALCOHOLIC BEER,beer & cider,NON-ALCOHOLIC BEER by BIRRA PERONI,8008440214065
7c6079a0-b304-5cbe-bd32-e7e9dc51ca9b,8410793066138,Damm Premium Quality Non Alcoholic Lager Beer,beer & cider,Damm Premium Quality Non Alcoholic Lager Beer by Damm,8410793066138
6e9bf19a-12bc-5535-88eb-c522244ccac3,4002103248118,Alkoholfrei,beer & cider,Alkoholfrei by Erdinger,4002103248118
43e656ab-c84d-5755-83d6-1a9b1b51a6a1,3155930006015,Desperados,beer & cider,Desperados by Desperados,3155930006015
b7f8e0dd-f4a5-5797-b7d6-cafe7e3d3f3a,8008440246004,ASAHI SUPER DRY,beer & cider,ASAHI SUPER DRY by Asahi,8008440246004
e598cf68-e7e8-59e9-9c1d-21726f0202d5,8008440210456,PERONI NASTRO AZZURRO,beer & cider,PERONI NASTRO AZZURRO by PERONI,8008440210456
4163e17b-b9ae-56ea-805d-7ab88aa8190d,5035766065425,440ML 10x CANS DESDE 1904 Cruzcampo SEVILLA CERVEZ,beer & cider,440ML 10x CANS DESDE 1904 Cruzcampo SEVILLA CERVEZ by Heineken,5035766065425
437a1793-278e-58f9-901e-e03cf882cf5d,75032814,corona extra,beer & cider,corona extra by Corona,75032814
b153e43e-0be1-5895-a5ff-e560c42f0d0d,5056025440432,Punk IPA,beer & cider,Punk IPA by Brewdog,5056025440432
23b3528d-da5b-5ac6-900f-19d9417942c6,5056025434523,Hazy Jane,beer & cider,Hazy Jane by Brewdog,5056025434523
dfd05a0c-7059-598a-860a-9310484969b5,5014379012873,"Stella Artois, 4,6%",beer & cider,"Stella Artois, 4,6% by Stella Artois",5014379012873
cfd9a04f-03d4-5017-b109-964981444242,8410076491602,Fajita Seasoning Mix,spices & herbs,Fajita Seasoning Mix by Old El Paso,8410076491602
f3ccab7d-fdc3-5cdf-a798-59db2bb07faf,5000225005816,Chilli Con Carne,spices & herbs,Chilli Con Carne by Schwartz,5000225005816
cc054131-2580-5efb-8b52-935dc5607339,5000184221241,Knorr All Purpose Seasoning Aromat,spices & herbs,Knorr All Purpose Seasoning Aromat by Knorr,5000184221241
248e3615-fc44-534f-9a16-fbe3b0509433,5000254020323,Madagascan Vanilla Extract,spices & herbs,Madagascan Vanilla Extract by Dr. Oetker,5000254020323
c05ccba2-58a2-58fb-8891-46cb19210fd7,667803000707,Mustard powder imp,spices & herbs,"Mustard powder imp by Colman's,Unilever",667803000707
ea7da9b5-2197-5c07-bdb5-05a33f8a0200,25638710022,Pure Vanilla Extract,spices & herbs,Pure Vanilla Extract by Nielsen-Massey,25638710022
f3033690-ac8b-5882-8d30-b28526141eb9,5011308000338,Balti Paste 283G,spices & herbs,Balti Paste 283G by Patak’s,5011308000338
8d707edc-fc8a-5ece-b07b-af3d5ae2b4c8,5900862213530,Black Peppercorns,spices & herbs,"Black Peppercorns by Sainsbury's, Winiary",5900862213530
e81051af-8164-5448-ba00-7021d74e7565,96081280,Madagascan Vanilla,spices & herbs,Madagascan Vanilla by Dr. Oetker,96081280
3649a95e-da06-5666-8168-6902c344cf73,8410076491893,Taco Seasoning Mix,spices & herbs,Taco Seasoning Mix by Old El Paso,8410076491893
bb2ee452-9a89-5f9a-aeeb-dd392297064a,5052675000989,Thai Green Curry,spices & herbs,Thai Green Curry by The Spice Tailor,5052675000989
4292a6ca-fcc1-54c4-badf-4f91d953d5f7,5000147035038,Nescafe Gold Blend Instant Coffee 200g,coffee,Nescafe Gold Blend rich roast instant coffee 200g,5000147035038
ca9566da-ce53-59f7-a21d-2e92a7d08f08,5010029002539,Kenco Smooth Instant Coffee 100g,coffee,Kenco smooth medium roast instant coffee 100g,5010029002539
7baf236b-f99a-52bc-9e1a-67033cbd91a6,5000308007921,Taylors of Harrogate Rich Italian Ground Coffee 227g,coffee,Taylors of Harrogate rich Italian ground coffee 227g,5000308007921
b190592f-736e-5c0a-bd32-c8bcdbc4161d,5000147095612,Nescafe Original Instant Coffee 300g,coffee,Nescafe original instant coffee 300g,5000147095612
94beb2df-d692-58ac-9e8a-cb0d4faea16a,5010029007145,Kenco Millicano Americano Instant Coffee 100g,coffee,Kenco Millicano wholebean instant americano 100g,5010029007145
ea8bb8f2-9e03-52fa-81a2-60e7054280ef,7622210449283,Cadbury Dairy Milk Chocolate Bar 110g,chocolate,Cadbury Dairy Milk milk chocolate bar 110g,7622210449283
25eec045-4df6-5cf2-a3d6-85f4372cf0b5,7622210951403,Cadbury Roses Chocolate Box 187g,chocolate,Cadbury Roses assorted milk chocolate box 187g,7622210951403
426dc15a-1cf2-51e7-a9d7-7b940e17c96f,5000159461122,Galaxy Smooth Milk Chocolate 110g,chocolate,Galaxy smooth creamy milk chocolate bar 110g,5000159461122
d186d304-978c-5a34-b7dd-c43cefd2cabc,5000159484060,Galaxy Ripple Chocolate Bar 33g,chocolate,Galaxy Ripple milk chocolate bar 33g,5000159484060
6959bb72-0bb0-5d80-bc26-d38892544b10,7622210716156,Milka Alpine Milk Chocolate 100g,chocolate,Milka Alpine milk chocolate bar 100g,7622210716156
4c80a3bd-fa61-5156-a136-2038c625c5f3,5000112548167,Green and Black's Organic Dark 70% Chocolate 90g,chocolate,Green and Black's organic dark 70% chocolate bar 90g,5000112548167
40899539-5677-5b43-a9f1-2c2a323d299b,5000315024241,PG Tips Original 80 Tea Bags,tea,PG Tips original black tea bags 80 pack,5000315024241
fbc0933d-8b57-59b1-ace4-37c603f3522f,5000315626008,PG Tips Decaf 80 Tea Bags,tea,PG Tips decaffeinated black tea bags 80 pack,5000315626008
fee3dddd-771b-5c79-9808-0e1a9147abeb,5000517282204,Clipper Organic Everyday Tea 80 Bags,tea,Clipper organic everyday fairtrade tea bags 80 pack,5000517282204
0581b18e-ce79-5bc3-9abd-caf6806ca89c,5000663141236,Tropicana Original Orange Juice 1.35L,fruit juice,Tropicana original squeezed orange juice 1.35L,5000663141236
4aebbd32-f0e9-5b7a-ab9b-c8c64ff1e561,5000663106655,Tropicana Smooth Orange Juice 850ml,fruit juice,Tropicana smooth orange juice no bits 850ml,5000663106655
db3696e1-0961-5cc4-bb4f-df7ed1e8d990,5000107006101,Innocent Orange Juice 900ml,fruit juice,Innocent pure squeezed orange juice 900ml,5000107006101
6b6213c4-72e8-5180-9421-31ff0d6cfdac,5000107006286,Innocent Apple Juice 900ml,fruit juice,Innocent pure pressed cloudy apple juice 900ml,5000107006286
8567653d-7e9b-5f09-aaae-5a926dd05c7f,5000393007009,Tesco Spaghetti 500g,pasta & rice,Tesco dried spaghetti pasta 500g,5000393007009
e147fa49-0efb-53ce-a338-223794156337,5000393007016,Tesco Penne 500g,pasta & rice,Tesco dried penne rigate pasta 500g,5000393007016
47240515-76ae-5ff0-a692-1f545459ed40,5000393007023,Tesco Fusilli 500g,pasta & rice,Tesco dried fusilli pasta 500g,5000393007023
b68b046c-2e66-5d5b-b238-6d5b134f00d7,5051007069858,Sainsbury's Spaghetti 500g,pasta & rice,Sainsbury's dried spaghetti pasta 500g,5051007069858
be046c34-d3ad-51e3-b7f9-c014c5c055e7,5051007069865,Sainsbury's Penne 500g,pasta & rice,Sainsbury's dried penne pasta 500g,5051007069865
3f341112-29a0-5294-a573-dbfd02d38c78,5000393010009,Tesco Easy Cook Long Grain Rice 1kg,pasta & rice,Tesco easy cook long grain white rice 1kg,5000393010009
2e829805-0fa2-57f8-bba7-b0d818f07e3f,5051007069902,Sainsbury's Long Grain Rice 1kg,pasta & rice,Sainsbury's long grain white rice 1kg,5051007069902
656f509d-125b-5828-b75e-71084a11d23b,5010384150131,Uncle Ben's Long Grain Rice 500g,pasta & rice,Uncle Ben's easy cook long grain rice 500g,5010384150131
b17fb416-7985-556b-93a4-624e3bd5fe22,5000393007030,Tesco Tagliatelle 500g,pasta & rice,Tesco dried egg tagliatelle pasta 500g,5000393007030
b22cc153-8dd1-5851-8560-ef5821043cc3,5051007069879,Sainsbury's Macaroni 500g,pasta & rice,Sainsbury's dried macaroni pasta 500g,5051007069879
03b513b6-181e-5e4c-9244-051a9cf1a647,5000393023306,Tesco Corn Flakes 500g,bread & cereals,Tesco corn flakes breakfast cereal 500g,5000393023306
e80db4a4-151f-5928-8454-bde22490b069,5000393023313,Tesco Porridge Oats 1kg,bread & cereals,Tesco Scottish porridge oats 1kg,5000393023313
0d23c701-f2b2-5376-9807-84a55f974499,5010029200015,Quaker Oats Original 1kg,bread & cereals,Quaker original rolled oats 1kg,5010029200015
5406a454-a761-50b9-8daf-ccbe07719c1b,8710908500879,Kellogg's Corn Flakes 500g,bread & cereals,Kellogg's original corn flakes cereal 500g,8710908500879
fd623195-7a13-5d74-86f1-f13941a88c95,5000393094085,Tesco Granola Honey and Oat 500g,bread & cereals,Tesco honey and oat granola breakfast cereal 500g,5000393094085
a7857eab-9d46-58c6-b0e3-d6a75e61c8c8,5051007009573,Sainsbury's Mature Cheddar 400g,dairy,Sainsbury's mature British cheddar cheese 400g,5051007009573
29db674b-944f-57be-af22-f6f8b6ec8e70,5051007009580,Sainsbury's Mild Cheddar 400g,dairy,Sainsbury's mild British cheddar cheese 400g,5051007009580
9437b8b9-4a85-59a2-8da2-d1065f2ce4ca,5000393109031,Tesco Whole Milk 2 Pints,dairy,Tesco British whole milk 2 pints 1.136L,5000393109031
6f79d750-375a-5390-abe2-10d806b13c5d,5051007005476,Sainsbury's Semi-Skimmed Milk 4 Pints,dairy,Sainsbury's British semi-skimmed milk 4 pints 2.272L,5051007005476
0cbcc2d1-979c-5e7a-88a1-858a7bea5c17,49568,John West Tuna Chunks in Brine 4 Pack,fish & seafood,John West tuna chunks in brine 4x145g,49568
577541a5-d78d-5379-b8e4-09aee3a5181c,5000393017411,Tesco Salmon Fillets 2 Pack,fish & seafood,Tesco Scottish salmon fillets skin-on 2 pack 240g,5000393017411
9152c7ac-0fe5-5818-8005-55f4539f702e,5051007008903,Sainsbury's Cod Fillets 2 Pack,fish & seafood,Sainsbury's boneless cod fillets 2 pack 280g,5051007008903
31ceb176-5b65-59e4-849d-c3112a6faeb2,5000393017404,Tesco Fish Fingers 10 Pack,fish & seafood,Tesco crispy battered fish fingers 10 pack 280g,5000393017404
4dbe7a09-8b06-551b-a6b5-51bf5faa225b,5051007008910,Sainsbury's Mackerel Fillets in Tomato Sauce,fish & seafood,Sainsbury's mackerel fillets in tomato sauce 125g,5051007008910
35b5d23e-debd-50d0-9da5-8f4f252afb07,5000393017428,Tesco Smoked Salmon 100g,fish & seafood,Tesco Scottish smoked salmon slices 100g,5000393017428
02f92b2c-8956-525c-bd6e-1c50f67c215f,5010384094199,John West Sardines in Tomato Sauce 120g,fish & seafood,John West sardines in rich tomato sauce 120g,5010384094199
f601afe5-6ca8-56ee-90fd-051543b96fb1,5010384094205,John West Tuna Chunks in Sunflower Oil 145g,fish & seafood,John West tuna chunks in sunflower oil 145g,5010384094205
fb1ab256-4435-5df1-9cb1-eb9d4f864c2b,5051007008927,Sainsbury's Tuna Steak in Spring Water 2x130g,fish & seafood,Sainsbury's tuna steaks in spring water 2x130g,5051007008927
145e1278-84e0-528d-81ba-6b6ca1f21af4,5000393017435,Tesco Haddock Fillets 2 Pack,fish & seafood,Tesco boneless haddock fillets 2 pack 280g,5000393017435
dc4050d5-8f94-5a01-8016-4692ae68f4a5,5051007062071,Sainsbury's Prawn Cocktail 150g,fish & seafood,Sainsbury's cooked and peeled cold water prawns 150g,5051007062071
0d3c7431-2f46-53ec-8606-518beffc86e9,5051007007174,Sainsbury's Chopped Tomatoes 400g,canned goods,Sainsbury's Italian chopped tomatoes in juice 400g,5051007007174
e5a4e723-6fb8-5787-b570-4a0d8f65002f,5000393049062,Tesco Baked Beans in Tomato Sauce 420g,canned goods,Tesco baked navy beans in tomato sauce 420g,5000393049062
439f697a-d4e5-5fd7-840b-63550bb28e3e,5000167023023,Heinz Baked Beanz 415g,canned goods,Heinz baked navy beans in tomato sauce 415g,5000167023023
fda4a8cc-e566-59dc-980b-ae6554a20efb,5051007007181,Sainsbury's Chickpeas 400g,canned goods,Sainsbury's chickpeas in water 400g,5051007007181
2538afef-4849-5891-a325-280a613c5a36,5000393049079,Tesco Red Kidney Beans 400g,canned goods,Tesco red kidney beans in water 400g,5000393049079
75f5fe44-7053-593d-a240-8b9528ffc2fd,5051007007198,Sainsbury's Lentils 400g,canned goods,Sainsbury's green lentils in water 400g,5051007007198
4f8ef1b5-6bcc-5371-8c29-4e0875a531d8,5051007011309,Sainsbury's Roasted Salted Cashews 200g,nuts & seeds,Sainsbury's roasted and salted cashew nuts 200g,5051007011309
ffa43b1d-0d10-5883-bdfd-921514e27394,5051007011316,Sainsbury's Mixed Nuts 200g,nuts & seeds,Sainsbury's mixed roasted and salted nuts 200g,5051007011316
c721cf7b-e2fc-55ca-90f0-46d8a3d86672,5051007011323,Sainsbury's Roasted Salted Peanuts 300g,nuts & seeds,Sainsbury's roasted and salted peanuts 300g,5051007011323
d8d1bef9-ce42-5af9-9c04-fc550a2fe9fb,5000393056220,Tesco Mixed Nuts 200g,nuts & seeds,Tesco roasted mixed nuts 200g,5000393056220
a1a8a130-7200-5974-a918-0e1a375423ac,5000393056237,Tesco Almonds 200g,nuts & seeds,Tesco blanched whole almonds 200g,5000393056237
6e0028a3-2753-59f2-a59f-e404fe9a9f1e,5000393056244,Tesco Walnuts 200g,nuts & seeds,Tesco walnut halves 200g,5000393056244
260a1874-2495-598f-ac9a-6664aa2bf7b3,5051007011330,Sainsbury's Brazil Nuts 200g,nuts & seeds,Sainsbury's whole Brazil nuts 200g,5051007011330
901bc879-8116-5222-aa5d-3f40a47bb5ac,87157,Heinz Tomato Ketchup 460g,condiments,Heinz tomato ketchup squeezy bottle 460g,87157
75a30741-3e8b-55ed-b544-120d83fab5f9,5000393060302,Tesco Tomato Ketchup 460g,condiments,Tesco tomato ketchup 460g,5000393060302
2d679fa7-22ed-5bf0-80d6-4bbf6de4a706,5000393060319,Tesco Soy Sauce 150ml,condiments,Tesco dark soy sauce 150ml,5000393060319
c372838f-f176-58b5-b824-e447e4614b20,5051007015369,Sainsbury's Pesto Genovese 190g,condiments,Sainsbury's classic basil pesto alla Genovese 190g,5051007015369
e425f008-fb36-5707-84ed-c1cbe95477e7,5000393060326,Tesco Sriracha Chilli Sauce 215g,condiments,Tesco sriracha hot chilli sauce 215g,5000393060326
732bce27-afeb-5aef-81d1-3c351228d091,5051007015376,Sainsbury's Wholegrain Mustard 180g,condiments,Sainsbury's wholegrain mustard 180g,5051007015376
4d93ba79-4f41-5c89-a87c-d684989dadf8,5051007012337,Sainsbury's Strawberry Jam 340g,jams & spreads,Sainsbury's strawberry jam 340g,5051007012337
5ee10789-cc05-5572-b2c7-1505e4fe0e4e,5051007012344,Sainsbury's Raspberry Jam 340g,jams & spreads,Sainsbury's raspberry jam 340g,5051007012344
67a4fc62-dcf6-589f-a1bb-c62deb9e13a1,5000393090124,Tesco Strawberry Jam 454g,jams & spreads,Tesco strawberry jam 454g,5000393090124
427ba315-0d2f-5483-acfa-a96183bfcfd2,5051007012351,Sainsbury's Marmalade Fine Cut 454g,jams & spreads,Sainsbury's fine cut Seville orange marmalade 454g,5051007012351
de00d978-3c4c-57fc-9315-69100061fa6c,5051007063085,Sainsbury's Garden Peas 900g,frozen vegetables,Sainsbury's British frozen garden peas 900g,5051007063085
4cdd34f7-d9ad-5967-b141-e5e41f232c3d,5000393072979,Tesco Frozen Mixed Vegetables 900g,frozen vegetables,Tesco frozen mixed vegetables carrots peas sweetcorn 900g,5000393072979
428fc8cc-d042-53d2-9b4e-05aecb06dbe5,5000128460965,Pepsi Max 330ml Can,soft drinks,Pepsi Max no sugar cola 330ml can,5000128460965
25486be2-ebd8-5a7d-b4b9-81b55d991404,5000128460972,Pepsi Original 330ml Can,soft drinks,Pepsi original cola carbonated soft drink 330ml,5000128460972
6281f2ce-ec4e-5531-9ce4-51e5c93512a6,5000128461009,7UP Free 330ml Can,soft drinks,7UP free sugar-free lemon and lime drink 330ml,5000128461009
ead09ed8-1c5c-5c87-b1dd-96b3f46868f5,5000128461016,Fanta Orange 330ml Can,soft drinks,Fanta orange flavour fizzy drink 330ml,5000128461016
88b01c5b-56eb-5901-a5f4-ed581728e3d8,5000204002773,Ribena Blackcurrant Carton 500ml,soft drinks,Ribena blackcurrant juice drink 500ml,5000204002773
bad98d9b-4e91-5923-a954-1c1764c550b7,5000204002780,Robinsons Orange Squash 1L,soft drinks,Robinsons orange squash no added sugar 1L,5000204002780
fce8f192-a8e8-55aa-af70-cb23af658d0b,5000204002797,Robinsons Blackcurrant Squash 1L,soft drinks,Robinsons blackcurrant squash no added sugar 1L,5000204002797
d4d906b9-3553-52ae-a1df-3188bc1844c0,5010251060930,M&S Found Sauvignon Blanc 75cl,wine,M&S Found South African Sauvignon Blanc white wine 75cl,5010251060930
27694370-16ae-55b0-9b23-8945295268a3,5010251060947,M&S Found Malbec 75cl,wine,M&S Found Argentinian Malbec red wine 75cl,5010251060947
597fc0b7-11ca-52a9-a65b-187bedb2f7c4,5000291000019,Blossom Hill Pinot Grigio 75cl,wine,Blossom Hill Italian Pinot Grigio white wine 75cl,5000291000019
1e8a3afe-8626-5569-9359-c9f41cb88845,5000291000026,Blossom Hill Red 75cl,wine,Blossom Hill Californian red wine 75cl,5000291000026
9a92134c-64a8-52d4-9bc7-d427e11e157f,5051007054587,Sainsbury's Taste the Difference Rioja Reserva 75cl,wine,Sainsbury's Taste the Difference Spanish Rioja Reserva red wine 75cl,5051007054587
85dfacaf-0018-5f68-b060-ba2e8f7f3018,5000050011073,Stella Artois Lager 4x440ml,beer & cider,Stella Artois Belgian lager 4.6% 4x440ml cans,5000050011073
3549676c-da77-5dd0-b244-ccf44bacc519,5000213001168,Guinness Draught Stout 4x440ml,beer & cider,Guinness draught stout 4.1% 4x440ml cans,5000213001168
396c7a99-0fed-5294-a174-d7a86d5ad105,5000213001175,Budweiser Lager 4x440ml,beer & cider,Budweiser American lager 4.5% 4x440ml cans,5000213001175
4bbd0583-496d-54de-87ec-73c9821a158a,5060049680064,BrewDog Punk IPA 4x330ml,beer & cider,BrewDog Punk IPA pale ale 5.4% 4x330ml cans,5060049680064
90be0b72-53e8-5485-972a-1063ebe5cba6,5023290005657,Strongbow Original Cider 4x440ml,beer & cider,Strongbow original dry cider 5% 4x440ml cans,5023290005657
85a9d2bd-f2df-5c17-a6b7-aa7c5d7c8916,5000213001182,Fosters Lager 4x440ml,beer & cider,Fosters Australian lager 4% 4x440ml cans,5000213001182
a05bec0a-81f5-5448-b44e-a38874c3cf5f,5000393068023,Tesco Ground Turmeric 38g,spices & herbs,Tesco ground turmeric spice 38g,5000393068023
